-- phpMyAdmin SQL Dump
-- version 5.0.3
-- https://www.phpmyadmin.net/
--
-- Host: localhost
-- Generation Time: Dec 16, 2021 at 01:10 PM
-- Server version: 10.4.14-MariaDB
-- PHP Version: 7.4.11

SET SQL_MODE = "NO_AUTO_VALUE_ON_ZERO";
START TRANSACTION;
SET time_zone = "+00:00";


/*!40101 SET @OLD_CHARACTER_SET_CLIENT=@@CHARACTER_SET_CLIENT */;
/*!40101 SET @OLD_CHARACTER_SET_RESULTS=@@CHARACTER_SET_RESULTS */;
/*!40101 SET @OLD_COLLATION_CONNECTION=@@COLLATION_CONNECTION */;
/*!40101 SET NAMES utf8mb4 */;

--
-- Database: `cameron`
--

-- --------------------------------------------------------

--
-- Table structure for table `admin`
--

CREATE TABLE `admin` (
  `id` int(11) NOT NULL,
  `created_by` int(11) DEFAULT 0,
  `fname` varchar(200) NOT NULL,
  `lname` varchar(200) DEFAULT NULL,
  `email` varchar(255) NOT NULL,
  `phone` varchar(50) NOT NULL,
  `password` varchar(255) NOT NULL,
  `admin_type` enum('admin','subadmin','saleshead','salesexecutive','ituser','finance','postproduction','qc','dispatch','productionhead','productionunit','downloader','frontoffice','ccteam','printer','hotpress','zonalmanager','customersupport') NOT NULL,
  `production_unit_type` varchar(100) DEFAULT NULL,
  `admin_status` enum('0','1') NOT NULL DEFAULT '1',
  `machine_id` varchar(200) DEFAULT '',
  `admin_created` timestamp NOT NULL DEFAULT current_timestamp() ON UPDATE current_timestamp()
) ENGINE=InnoDB DEFAULT CHARSET=utf8mb4;

--
-- Dumping data for table `admin`
--

INSERT INTO `admin` (`id`, `created_by`, `fname`, `lname`, `email`, `phone`, `password`, `admin_type`, `production_unit_type`, `admin_status`, `machine_id`, `admin_created`) VALUES
(1, 0, 'Admin', 'Admin', 'admin@gmail.com', '123456', '$2y$10$hT1Bjiuesh1ByJkG8Gpi9Ofv0O.gvsU7JRM9JkcvniOadmhDR9D/K', 'admin', NULL, '1', '78FF33', '2021-09-02 10:51:02'),
(2, 23, 'Sales Executive', NULL, 'sales@gmail.com', '7777777777', '$2y$10$NWvSzoq0MWXmzE5FiQxTKuQJ6RKAnlvipyFpJMR43dRKIlvXZ/KZy', 'salesexecutive', NULL, '1', '', '2021-10-10 10:34:36'),
(3, 1, 'sales1', NULL, 'salesh@gmail.com', '4455555566', '$2y$10$dDb8M3InDzWeN4hOp/EDu.S95Gsu4w6.60Qivt3FEOoGcthJ9q8WG', 'saleshead', NULL, '1', '', '2021-08-30 08:56:17'),
(6, 0, 'It Manager', NULL, 'it@gmail.com', '8889998878', '$2y$10$Zziu4IJqOMPHjJPMektPcO1aMs9giWK7Jrlbq0/OOmg9YL.4LpA.C', 'ituser', NULL, '1', '', '2021-07-14 12:30:19'),
(7, 0, 'Finance', NULL, 'finance@gmail.com', '5555555555', '$2y$10$JE8m1ly.I/J4GhaAwEYXDe9tkTnvFHh4M./eydF6M6Y1ws8bIbLDK', 'finance', NULL, '1', '', '2021-10-05 02:54:46'),
(8, 0, 'production head', NULL, 'productionh@gmail.com', '2222222222', '$2y$10$ZDl3XZEPWvT9Ay3biPOA9ebADpxIJ0N8Nh6g4ASfZSQQXW8ZnV9ii', 'productionhead', NULL, '1', '', '2021-06-22 03:09:59'),
(9, 0, 'pro unit', NULL, 'productionunit@gmail.com', '3333333333', '$2y$10$JfhwDOLwf6BkJ8mv0t8VCufLBkWfcRYJPWu5TuzhLgpcwyDuakL1O', 'productionunit', 'CMYK', '1', '', '2021-07-30 13:18:07'),
(10, 3, 'sales', NULL, 'salese@gmail.com', '1111111111', '$2y$10$M77DUGIm9aGbx4fJzWneA.8hLwACOicK53Vuy/lukIfBeoY3qFdgW', 'salesexecutive', NULL, '1', '', '2021-10-10 10:34:53'),
(11, 0, 'test', NULL, 'test@gmail.com', '9819976567', '$2y$10$TD6iVYO23mETDZuwJ.c78uHMKblTq92iXlBIkEV1uLxVAPm6gECvG', 'saleshead', NULL, '1', '', '2021-06-07 15:40:47'),
(12, 0, 'It Manager', NULL, 'itm@gg.com', '8888888888', '$2y$10$N1TQFZXhjkaxLCPmBLkK4OAhQDtwUyX/T/Ip99vKIaORp6QLWOY72', 'ituser', NULL, '1', '', '2021-06-08 13:12:54'),
(13, 1, 'sadas', NULL, 'sssssss@gmail.com', '8887777788', '$2y$10$FpvGFcXsFGon1T5.bOXEE.FLFlSnumwrEgNPHObsjVLxio0OVsEFK', 'saleshead', NULL, '1', '', '2021-06-08 03:04:38'),
(14, 2, 'Sale executive 10', NULL, 'saleex10@gmail.com', '9999999999', '$2y$10$XeHo36CkSpfy2J9Fb9kC8.S01.QydHzc.eZPKILmrBlXdqVIAu/za', 'salesexecutive', NULL, '1', '', '2021-07-17 12:56:49'),
(15, 1, 'front office', NULL, 'frontofficer@gmail.com', '1234323456', '$2y$10$5u5Jg5gj859dj.nBAz6BIe.vkeIeUXmoBQNG7Hx2C80Ezt4.0wzgq', 'frontoffice', 'RGB', '1', 'A419FD', '2021-09-02 12:47:46'),
(16, 1, 'cc', NULL, 'ccr@gmail.com', '5678765454', '$2y$10$phlbeZKTIejgYP5RdV0cjuq2aRWArhsht6234lKkNdNoSeNy7pIg2', 'ccteam', 'RGB', '1', '', '2021-10-10 09:01:29'),
(17, 1, 'printing', NULL, 'printingr@gmail.com', '5456787654', '$2y$10$gCpq3Fnu0k7KrYHgxcxx1eo3Ph6zoRkSlDPOzfaFn8ML8QuhcLzWq', 'printer', 'RGB', '1', '', '2021-07-14 06:41:18'),
(18, 1, 'post production', NULL, 'postproduction@gmail.com', '5554443322', '$2y$10$XlL6dQMQceoeZtve2mjV/uEFk9gCHdDIiz9dEhl0BxWIXfQ33JMJO', 'postproduction', NULL, '1', '', '2021-07-14 06:56:38'),
(19, 1, 'qc', NULL, 'qc@gmail.com', '5544667789', '$2y$10$pdfA/QcaZt101O2VbnPE3edfPWqax/Pf1IfPDjUAweqSG7rA.rnFi', 'qc', NULL, '1', '', '2021-07-14 07:02:37'),
(20, 1, 'dispatch', NULL, 'dispatch@gmail.com', '6677889955', '$2y$10$EpzyUznh7sxTiMSVqINqdekaOdot2F/tZp1psiCjSCnL8rNRuI9e6', 'dispatch', NULL, '1', '', '2021-07-14 07:08:22'),
(21, 1, 'hot', NULL, 'hot@gmail.com', '7766889944', '$2y$10$ug88CJAmqN2SONhiD50BO.lLcoli8V.ai03KF9OYJ7ClrYOeINt8O', 'hotpress', NULL, '1', '', '2021-07-15 03:06:40'),
(22, 1, 'Test', NULL, 'testss@gmail.com', '9999999996', '$2y$10$ikp8RSUJnRXF6HCvD2CM1.YtDxrTGH8c9F3bXQp0xPFyoP3Xn/ani', 'saleshead', NULL, '1', '', '2021-08-25 11:55:38'),
(23, 1, 'Zonal', NULL, 'zonale@gmail.com', '8899999888', '$2y$10$VAX5hce0.PD3LjArRgLqcu/M9VhtZHi0SHGZXV5kYqXNYXLSg9HsO', 'zonalmanager', NULL, '1', '', '2021-09-01 09:26:07'),
(24, 1, 'sales executive 22', NULL, 'sales22@gmail.com', '2222222222', '$2y$10$MZbtOSbyvD7gEu41TMJmmu5Bh0eSU3LKU.SyKen84PPaWNVtb9dFy', 'salesexecutive', NULL, '1', '', '2021-08-29 14:33:07'),
(25, 26, 'sales 23', NULL, 'sales23@gmail.com', '2323232323', '$2y$10$a08TCLFDXX4zTSA/tx/cLOKsh.k2w75WnzjO5N2CgZSwHpC2lsRli', 'salesexecutive', NULL, '1', '', '2021-08-29 14:47:25'),
(26, 1, 'Zonal 2', NULL, 'zonal2@gmail.com', '4444333333', '$2y$10$NhtLwTyjw/J7Ym1C5/qxyumSCsc4j7NFBvOJP6486.INu4.vPqbFS', 'zonalmanager', NULL, '1', '', '2021-08-30 08:33:56'),
(27, 23, 'asas', NULL, 'ss@gmail.com', '2323222222', '$2y$10$7AXtYi7smirdu1l3Kq74aOPRoKShx0Xgsjk1N2pp.AyKqYGZkXl3u', 'salesexecutive', NULL, '1', '', '2021-08-30 08:06:29'),
(28, 26, 'test', NULL, 'aaa@gmail.com', '1111111222', '$2y$10$WXpgPqI1CNoegOHdWBBzD.yjhO3Bq7MhO31xxe9wl7Yq7EX2jI4/2', 'salesexecutive', NULL, '1', '', '2021-08-30 08:46:36'),
(29, 23, 'asas', NULL, 'asas@gmail.com', '2222233333', '$2y$10$rfzeobQMElTbA6MO2AgBRuamhdDnASe0lrhcfv5tZnYj18266UWdm', 'salesexecutive', NULL, '1', '', '2021-08-30 08:58:05'),
(30, 23, 'asas', NULL, 'asaad@gmail.com', '3333333333', '$2y$10$5XbKiQvLNWbU6MZWDjv2N.oAfNZUsKbUjkt21pygqh3yLKRRyD/mK', 'salesexecutive', NULL, '1', '', '2021-09-01 09:27:10'),
(31, 1, 'sad', NULL, 'sadasd@gmail.com', '4443333333', '$2y$10$UkWNWiA08GpsKcUqxiBFL.E.VRu/VQcDCdBnHGcrbKgzMZazsdvwa', 'zonalmanager', NULL, '1', '', '2021-09-02 07:02:26'),
(32, 23, 'sadasd', NULL, 'adasdmin@gmail.com', '3332222333', '$2y$10$ykHXqjSGCgoFHUKi2/IKwudc4NvJhOu7HvTYUKwY18dsyi2c1es8W', 'salesexecutive', NULL, '1', '', '2021-09-02 13:15:58'),
(33, 1, 'Customer Support', NULL, 'cs@gmail.com', '3334445567', '$2y$10$.LHRUF94FfSULGX6ji0.rOsYChrfr20RrBjcL5YANneXo1NAZ5Aje', 'customersupport', NULL, '1', '', '2021-09-04 04:21:02');

-- --------------------------------------------------------

--
-- Table structure for table `cities`
--

CREATE TABLE `cities` (
  `ct_id` int(11) NOT NULL,
  `ct_name` varchar(255) NOT NULL,
  `ct_stateid` int(11) DEFAULT 0,
  `ct_disticid` int(11) DEFAULT NULL,
  `ct_status` tinyint(2) NOT NULL DEFAULT 1
) ENGINE=InnoDB DEFAULT CHARSET=utf8mb4;

--
-- Dumping data for table `cities`
--

INSERT INTO `cities` (`ct_id`, `ct_name`, `ct_stateid`, `ct_disticid`, `ct_status`) VALUES
(1, 'Mumbai', 16, NULL, 1),
(2, 'Pune', 16, NULL, 1),
(3, 'Nagpur', 16, NULL, 1),
(4, 'Thane', 16, NULL, 1),
(5, 'Nashik', 16, NULL, 1),
(6, 'Kalyan-Dombivali', 16, NULL, 1),
(7, 'Vasai-Virar', 16, NULL, 1),
(8, 'Solapur', 16, NULL, 1),
(9, 'Mira-Bhayandar', 16, NULL, 1),
(10, 'Bhiwandi', 16, NULL, 1),
(11, 'Amravati', 16, NULL, 1),
(12, 'Nanded-Waghala', 16, NULL, 1),
(13, 'Sangli', 16, NULL, 1),
(14, 'Malegaon', 16, NULL, 1),
(15, 'Akola', 16, NULL, 1),
(16, 'Latur', 16, NULL, 1),
(17, 'Dhule', 16, NULL, 1),
(18, 'Ahmednagar', 16, NULL, 1),
(19, 'Ichalkaranji', 16, NULL, 1),
(20, 'Parbhani', 16, NULL, 1),
(21, 'Panvel', 16, NULL, 1),
(22, 'Yavatmal', 16, NULL, 1),
(23, 'Achalpur', 16, NULL, 1),
(24, 'Osmanabad', 16, NULL, 1),
(25, 'Nandurbar', 16, NULL, 1),
(26, 'Satara', 16, NULL, 1),
(27, 'Wardha', 16, NULL, 1),
(28, 'Udgir', 16, NULL, 1),
(29, 'Aurangabad', 16, NULL, 1),
(30, 'Amalner', 16, NULL, 1),
(31, 'Akot', 16, NULL, 1),
(32, 'Pandharpur', 16, NULL, 1),
(33, 'Shrirampur', 16, NULL, 1),
(34, 'Parli', 16, NULL, 1),
(35, 'Washim', 16, NULL, 1),
(36, 'Ambejogai', 16, NULL, 1),
(37, 'Manmad', 16, NULL, 1),
(38, 'Ratnagiri', 16, NULL, 1),
(39, 'Uran Islampur', 16, NULL, 1),
(40, 'Pusad', 16, NULL, 1),
(41, 'Sangamner', 16, NULL, 1),
(42, 'Shirpur-Warwade', 16, NULL, 1),
(43, 'Malkapur', 16, NULL, 1),
(44, 'Wani', 16, NULL, 1),
(45, 'Lonavla', 16, NULL, 1),
(46, 'Talegaon Dabhade', 16, NULL, 1),
(47, 'Anjangaon', 16, NULL, 1),
(48, 'Umred', 16, NULL, 1),
(49, 'Palghar', 16, NULL, 1),
(50, 'Shegaon', 16, NULL, 1),
(51, 'Ozar', 16, NULL, 1),
(52, 'Phaltan', 16, NULL, 1),
(53, 'Yevla', 16, NULL, 1),
(54, 'Shahade', 16, NULL, 1),
(55, 'Vita', 16, NULL, 1),
(56, 'Umarkhed', 16, NULL, 1),
(57, 'Warora', 16, NULL, 1),
(58, 'Pachora', 16, NULL, 1),
(59, 'Tumsar', 16, NULL, 1),
(60, 'Manjlegaon', 16, NULL, 1),
(61, 'Sillod', 16, NULL, 1),
(62, 'Arvi', 16, NULL, 1),
(63, 'Nandura', 16, NULL, 1),
(64, 'Vaijapur', 16, NULL, 1),
(65, 'Wadgaon Road', 16, NULL, 1),
(66, 'Sailu', 16, NULL, 1),
(67, 'Murtijapur', 16, NULL, 1),
(68, 'Tasgaon', 16, NULL, 1),
(69, 'Mehkar', 16, NULL, 1),
(70, 'Yawal', 16, NULL, 1),
(71, 'Pulgaon', 16, NULL, 1),
(72, 'Nilanga', 16, NULL, 1),
(73, 'Wai', 16, NULL, 1),
(74, 'Umarga', 16, NULL, 1),
(75, 'Paithan', 16, NULL, 1),
(76, 'Rahuri', 16, NULL, 1),
(77, 'Nawapur', 16, NULL, 1),
(78, 'Tuljapur', 16, NULL, 1),
(79, 'Morshi', 16, NULL, 1),
(80, 'Purna', 16, NULL, 1),
(81, 'Satana', 16, NULL, 1),
(82, 'Pathri', 16, NULL, 1),
(83, 'Sinnar', 16, NULL, 1),
(84, 'Uchgaon', 16, NULL, 1),
(85, 'Uran', 16, NULL, 1),
(86, 'Pen', 16, NULL, 1),
(87, 'Karjat', 16, NULL, 1),
(88, 'Manwath', 16, NULL, 1),
(89, 'Partur', 16, NULL, 1),
(90, 'Sangole', 16, NULL, 1),
(91, 'Mangrulpir', 16, NULL, 1),
(92, 'Risod', 16, NULL, 1),
(93, 'Shirur', 16, NULL, 1),
(94, 'Savner', 16, NULL, 1),
(95, 'Sasvad', 16, NULL, 1),
(96, 'Pandharkaoda', 16, NULL, 1),
(97, 'Talode', 16, NULL, 1),
(98, 'Shrigonda', 16, NULL, 1),
(99, 'Shirdi', 16, NULL, 1),
(100, 'Raver', 16, NULL, 1),
(101, 'Mukhed', 16, NULL, 1),
(102, 'Rajura', 16, NULL, 1),
(103, 'Vadgaon Kasba', 16, NULL, 1),
(104, 'Tirora', 16, NULL, 1),
(105, 'Mahad', 16, NULL, 1),
(106, 'Lonar', 16, NULL, 1),
(107, 'Sawantwadi', 16, NULL, 1),
(108, 'Pathardi', 16, NULL, 1),
(109, 'Pauni', 16, NULL, 1),
(110, 'Ramtek', 16, NULL, 1),
(111, 'Mul', 16, NULL, 1),
(112, 'Soyagaon', 16, NULL, 1),
(113, 'Mangalvedhe', 16, NULL, 1),
(114, 'Narkhed', 16, NULL, 1),
(115, 'Shendurjana', 16, NULL, 1),
(116, 'Patur', 16, NULL, 1),
(117, 'Mhaswad', 16, NULL, 1),
(118, 'Loha', 16, NULL, 1),
(119, 'Nandgaon', 16, NULL, 1),
(120, 'Warud', 16, NULL, 1),
(121, 'Visakhapatnam', 1, NULL, 1),
(122, 'Vijayawada', 1, NULL, 1),
(123, 'Guntur', 1, NULL, 1),
(124, 'Nellore', 1, NULL, 1),
(125, 'Kurnool', 1, NULL, 1),
(126, 'Rajahmundry', 1, NULL, 1),
(127, 'Kakinada', 1, NULL, 1),
(128, 'Tirupati', 1, NULL, 1),
(129, 'Anantapur', 1, NULL, 1),
(130, 'Kadapa', 1, NULL, 1),
(131, 'Vizianagaram', 1, NULL, 1),
(132, 'Eluru', 1, NULL, 1),
(133, 'Ongole', 1, NULL, 1),
(134, 'Nandyal', 1, NULL, 1),
(135, 'Machilipatnam', 1, NULL, 1),
(136, 'Adoni', 1, NULL, 1),
(137, 'Tenali', 1, NULL, 1),
(138, 'Chittoor', 1, NULL, 1),
(139, 'Hindupur', 1, NULL, 1),
(140, 'Proddatur', 1, NULL, 1),
(141, 'Bhimavaram', 1, NULL, 1),
(142, 'Madanapalle', 1, NULL, 1),
(143, 'Guntakal', 1, NULL, 1),
(144, 'Dharmavaram', 1, NULL, 1),
(145, 'Srikakulam', 1, NULL, 1),
(146, 'Narasaraopet', 1, NULL, 1),
(147, 'Rajampet', 1, NULL, 1),
(148, 'Tadpatri', 1, NULL, 1),
(149, 'Tadepalligudem', 1, NULL, 1),
(150, 'Chilakaluripet', 1, NULL, 1),
(151, 'Kadiri', 1, NULL, 1),
(152, 'Chirala', 1, NULL, 1),
(153, 'Anakapalle', 1, NULL, 1),
(154, 'Kavali', 1, NULL, 1),
(155, 'Palacole', 1, NULL, 1),
(156, 'Sullurpeta', 1, NULL, 1),
(157, 'Tanuku', 1, NULL, 1),
(158, 'Rayachoti', 1, NULL, 1),
(159, 'Srikalahasti', 1, NULL, 1),
(160, 'Bapatla', 1, NULL, 1),
(161, 'Naidupet', 1, NULL, 1),
(162, 'Nagari', 1, NULL, 1),
(163, 'Gudur', 1, NULL, 1),
(164, 'Vinukonda', 1, NULL, 1),
(165, 'Narasapuram', 1, NULL, 1),
(166, 'Nuzvid', 1, NULL, 1),
(167, 'Markapur', 1, NULL, 1),
(168, 'Ponnur', 1, NULL, 1),
(169, 'Kandukur', 1, NULL, 1),
(170, 'Bobbili', 1, NULL, 1),
(171, 'Rayadurg', 1, NULL, 1),
(172, 'Samalkot', 1, NULL, 1),
(173, 'Jaggaiahpet', 1, NULL, 1),
(174, 'Tuni', 1, NULL, 1),
(175, 'Amalapuram', 1, NULL, 1),
(176, 'Bheemunipatnam', 1, NULL, 1),
(177, 'Venkatagiri', 1, NULL, 1),
(178, 'Sattenapalle', 1, NULL, 1),
(179, 'Pithapuram', 1, NULL, 1),
(180, 'Palasa Kasibugga', 1, NULL, 1),
(181, 'Parvathipuram', 1, NULL, 1),
(182, 'Macherla', 1, NULL, 1),
(183, 'Gooty', 1, NULL, 1),
(184, 'Salur', 1, NULL, 1),
(185, 'Mandapeta', 1, NULL, 1),
(186, 'Jammalamadugu', 1, NULL, 1),
(187, 'Peddapuram', 1, NULL, 1),
(188, 'Punganur', 1, NULL, 1),
(189, 'Nidadavole', 1, NULL, 1),
(190, 'Repalle', 1, NULL, 1),
(191, 'Ramachandrapuram', 1, NULL, 1),
(192, 'Kovvur', 1, NULL, 1),
(193, 'Tiruvuru', 1, NULL, 1),
(194, 'Uravakonda', 1, NULL, 1),
(195, 'Narsipatnam', 1, NULL, 1),
(196, 'Yerraguntla', 1, NULL, 1),
(197, 'Pedana', 1, NULL, 1),
(198, 'Puttur', 1, NULL, 1),
(199, 'Renigunta', 1, NULL, 1),
(200, 'Rajam', 1, NULL, 1),
(201, 'Srisailam Project (Right Flank Colony) Township', 1, NULL, 1),
(202, 'Guwahati', 2, NULL, 1),
(203, 'Silchar', 2, NULL, 1),
(204, 'Dibrugarh', 2, NULL, 1),
(205, 'Nagaon', 2, NULL, 1),
(206, 'Tinsukia', 2, NULL, 1),
(207, 'Jorhat', 2, NULL, 1),
(208, 'Bongaigaon City', 2, NULL, 1),
(209, 'Dhubri', 2, NULL, 1),
(210, 'Diphu', 2, NULL, 1),
(211, 'North Lakhimpur', 2, NULL, 1),
(212, 'Tezpur', 2, NULL, 1),
(213, 'Karimganj', 2, NULL, 1),
(214, 'Sibsagar', 2, NULL, 1),
(215, 'Goalpara', 2, NULL, 1),
(216, 'Barpeta', 2, NULL, 1),
(217, 'Lanka', 2, NULL, 1),
(218, 'Lumding', 2, NULL, 1),
(219, 'Mankachar', 2, NULL, 1),
(220, 'Nalbari', 2, NULL, 1),
(221, 'Rangia', 2, NULL, 1),
(222, 'Margherita', 2, NULL, 1),
(223, 'Mangaldoi', 2, NULL, 1),
(224, 'Silapathar', 2, NULL, 1),
(225, 'Mariani', 2, NULL, 1),
(226, 'Marigaon', 2, NULL, 1),
(227, 'Patna', 4, NULL, 1),
(228, 'Gaya', 4, NULL, 1),
(229, 'Bhagalpur', 4, NULL, 1),
(230, 'Muzaffarpur', 4, NULL, 1),
(231, 'Darbhanga', 4, NULL, 1),
(232, 'Arrah', 4, NULL, 1),
(233, 'Begusarai', 4, NULL, 1),
(234, 'Chhapra', 4, NULL, 1),
(235, 'Katihar', 4, NULL, 1),
(236, 'Munger', 4, NULL, 1),
(237, 'Purnia', 4, NULL, 1),
(238, 'Saharsa', 4, NULL, 1),
(239, 'Sasaram', 4, NULL, 1),
(240, 'Hajipur', 4, NULL, 1),
(241, 'Dehri-on-Sone', 4, NULL, 1),
(242, 'Bettiah', 4, NULL, 1),
(243, 'Motihari', 4, NULL, 1),
(244, 'Bagaha', 4, NULL, 1),
(245, 'Siwan', 4, NULL, 1),
(246, 'Kishanganj', 4, NULL, 1),
(247, 'Jamalpur', 4, NULL, 1),
(248, 'Buxar', 4, NULL, 1),
(249, 'Jehanabad', 4, NULL, 1),
(250, 'Aurangabad', 4, NULL, 1),
(251, 'Lakhisarai', 4, NULL, 1),
(252, 'Nawada', 4, NULL, 1),
(253, 'Jamui', 4, NULL, 1),
(254, 'Sitamarhi', 4, NULL, 1),
(255, 'Araria', 4, NULL, 1),
(256, 'Gopalganj', 4, NULL, 1),
(257, 'Madhubani', 4, NULL, 1),
(258, 'Masaurhi', 4, NULL, 1),
(259, 'Samastipur', 4, NULL, 1),
(260, 'Mokameh', 4, NULL, 1),
(261, 'Supaul', 4, NULL, 1),
(262, 'Dumraon', 4, NULL, 1),
(263, 'Arwal', 4, NULL, 1),
(264, 'Forbesganj', 4, NULL, 1),
(265, 'BhabUrban Agglomeration', 4, NULL, 1),
(266, 'Narkatiaganj', 4, NULL, 1),
(267, 'Naugachhia', 4, NULL, 1),
(268, 'Madhepura', 4, NULL, 1),
(269, 'Sheikhpura', 4, NULL, 1),
(270, 'Sultanganj', 4, NULL, 1),
(271, 'Raxaul Bazar', 4, NULL, 1),
(272, 'Ramnagar', 4, NULL, 1),
(273, 'Mahnar Bazar', 4, NULL, 1),
(274, 'Warisaliganj', 4, NULL, 1),
(275, 'Revelganj', 4, NULL, 1),
(276, 'Rajgir', 4, NULL, 1),
(277, 'Sonepur', 4, NULL, 1),
(278, 'Sherghati', 4, NULL, 1),
(279, 'Sugauli', 4, NULL, 1),
(280, 'Makhdumpur', 4, NULL, 1),
(281, 'Maner', 4, NULL, 1),
(282, 'Rosera', 4, NULL, 1),
(283, 'Nokha', 4, NULL, 1),
(284, 'Piro', 4, NULL, 1),
(285, 'Rafiganj', 4, NULL, 1),
(286, 'Marhaura', 4, NULL, 1),
(287, 'Mirganj', 4, NULL, 1),
(288, 'Lalganj', 4, NULL, 1),
(289, 'Murliganj', 4, NULL, 1),
(290, 'Motipur', 4, NULL, 1),
(291, 'Manihari', 4, NULL, 1),
(292, 'Sheohar', 4, NULL, 1),
(293, 'Maharajganj', 4, NULL, 1),
(294, 'Silao', 4, NULL, 1),
(295, 'Barh', 4, NULL, 1),
(296, 'Asarganj', 4, NULL, 1),
(297, 'Delhi', 6, NULL, 1),
(298, 'New Delhi', 6, NULL, 1),
(299, 'Ahmedabad', 8, NULL, 1),
(300, 'Surat', 8, NULL, 1),
(301, 'Vadodara', 8, NULL, 1),
(302, 'Rajkot', 8, NULL, 1),
(303, 'Bhavnagar', 8, NULL, 1),
(304, 'Jamnagar', 8, NULL, 1),
(305, 'Nadiad', 8, NULL, 1),
(306, 'Porbandar', 8, NULL, 1),
(307, 'Anand', 8, NULL, 1),
(308, 'Morvi', 8, NULL, 1),
(309, 'Mahesana', 8, NULL, 1),
(310, 'Vapi', 8, NULL, 1),
(311, 'Navsari', 8, NULL, 1),
(312, 'Veraval', 8, NULL, 1),
(313, 'Bhuj', 8, NULL, 1),
(314, 'Godhra', 8, NULL, 1),
(315, 'Palanpur', 8, NULL, 1),
(316, 'Valsad', 8, NULL, 1),
(317, 'Patan', 8, NULL, 1),
(318, 'Deesa', 8, NULL, 1),
(319, 'Amreli', 8, NULL, 1),
(320, 'Anjar', 8, NULL, 1),
(321, 'Dhoraji', 8, NULL, 1),
(322, 'Khambhat', 8, NULL, 1),
(323, 'Mahuva', 8, NULL, 1),
(324, 'Keshod', 8, NULL, 1),
(325, 'Wadhwan', 8, NULL, 1),
(326, 'Ankleshwar', 8, NULL, 1),
(327, 'Savarkundla', 8, NULL, 1),
(328, 'Kadi', 8, NULL, 1),
(329, 'Visnagar', 8, NULL, 1),
(330, 'Upleta', 8, NULL, 1),
(331, 'Una', 8, NULL, 1),
(332, 'Sidhpur', 8, NULL, 1),
(333, 'Unjha', 8, NULL, 1),
(334, 'Mangrol', 8, NULL, 1),
(335, 'Viramgam', 8, NULL, 1),
(336, 'Modasa', 8, NULL, 1),
(337, 'Palitana', 8, NULL, 1),
(338, 'Petlad', 8, NULL, 1),
(339, 'Kapadvanj', 8, NULL, 1),
(340, 'Sihor', 8, NULL, 1),
(341, 'Wankaner', 8, NULL, 1),
(342, 'Limbdi', 8, NULL, 1),
(343, 'Mandvi', 8, NULL, 1),
(344, 'Thangadh', 8, NULL, 1),
(345, 'Vyara', 8, NULL, 1),
(346, 'Padra', 8, NULL, 1),
(347, 'Lunawada', 8, NULL, 1),
(348, 'Rajpipla', 8, NULL, 1),
(349, 'Vapi', 8, NULL, 1),
(350, 'Umreth', 8, NULL, 1),
(351, 'Sanand', 8, NULL, 1),
(352, 'Rajula', 8, NULL, 1),
(353, 'Radhanpur', 8, NULL, 1),
(354, 'Mahemdabad', 8, NULL, 1),
(355, 'Ranavav', 8, NULL, 1),
(356, 'Tharad', 8, NULL, 1),
(357, 'Mansa', 8, NULL, 1),
(358, 'Umbergaon', 8, NULL, 1),
(359, 'Talaja', 8, NULL, 1),
(360, 'Vadnagar', 8, NULL, 1),
(361, 'Manavadar', 8, NULL, 1),
(362, 'Salaya', 8, NULL, 1),
(363, 'Vijapur', 8, NULL, 1),
(364, 'Pardi', 8, NULL, 1),
(365, 'Rapar', 8, NULL, 1),
(366, 'Songadh', 8, NULL, 1),
(367, 'Lathi', 8, NULL, 1),
(368, 'Adalaj', 8, NULL, 1),
(369, 'Chhapra', 8, NULL, 1),
(370, 'Faridabad', 9, NULL, 1),
(371, 'Gurgaon', 9, NULL, 1),
(372, 'Hisar', 9, NULL, 1),
(373, 'Rohtak', 9, NULL, 1),
(374, 'Panipat', 9, NULL, 1),
(375, 'Karnal', 9, NULL, 1),
(376, 'Sonipat', 9, NULL, 1),
(377, 'Yamunanagar', 9, NULL, 1),
(378, 'Panchkula', 9, NULL, 1),
(379, 'Bhiwani', 9, NULL, 1),
(380, 'Bahadurgarh', 9, NULL, 1),
(381, 'Jind', 9, NULL, 1),
(382, 'Sirsa', 9, NULL, 1),
(383, 'Thanesar', 9, NULL, 1),
(384, 'Kaithal', 9, NULL, 1),
(385, 'Palwal', 9, NULL, 1),
(386, 'Rewari', 9, NULL, 1),
(387, 'Hansi', 9, NULL, 1),
(388, 'Narnaul', 9, NULL, 1),
(389, 'Fatehabad', 9, NULL, 1),
(390, 'Gohana', 9, NULL, 1),
(391, 'Tohana', 9, NULL, 1),
(392, 'Narwana', 9, NULL, 1),
(393, 'Mandi Dabwali', 9, NULL, 1),
(394, 'Charkhi Dadri', 9, NULL, 1),
(395, 'Shahbad', 9, NULL, 1),
(396, 'Pehowa', 9, NULL, 1),
(397, 'Samalkha', 9, NULL, 1),
(398, 'Pinjore', 9, NULL, 1),
(399, 'Ladwa', 9, NULL, 1),
(400, 'Sohna', 9, NULL, 1),
(401, 'Safidon', 9, NULL, 1),
(402, 'Taraori', 9, NULL, 1),
(403, 'Mahendragarh', 9, NULL, 1),
(404, 'Ratia', 9, NULL, 1),
(405, 'Rania', 9, NULL, 1),
(406, 'Sarsod', 9, NULL, 1),
(407, 'Srinagar', 11, NULL, 1),
(408, 'Jammu', 11, NULL, 1),
(409, 'Baramula', 11, NULL, 1),
(410, 'Gudivada', 11, NULL, 1),
(411, 'Anantnag', 11, NULL, 1),
(412, 'Yemmiganur', 11, NULL, 1),
(413, 'Sopore', 11, NULL, 1),
(414, 'KathUrban Agglomeration', 11, NULL, 1),
(415, 'Rajauri', 11, NULL, 1),
(416, 'Punch', 11, NULL, 1),
(417, 'Udhampur', 11, NULL, 1),
(418, 'Raipur', 5, NULL, 1),
(419, 'Chandigarh', 5, NULL, 1),
(420, 'Bhilai Nagar', 5, NULL, 1),
(421, 'Korba', 5, NULL, 1),
(422, 'Bilaspur', 5, NULL, 1),
(423, 'Durg', 5, NULL, 1),
(424, 'Rajnandgaon', 5, NULL, 1),
(425, 'Jagdalpur', 5, NULL, 1),
(426, 'Raigarh', 5, NULL, 1),
(427, 'Ambikapur', 5, NULL, 1),
(428, 'Mahasamund', 5, NULL, 1),
(429, 'Dhamtari', 5, NULL, 1),
(430, 'Chirmiri', 5, NULL, 1),
(431, 'Bhatapara', 5, NULL, 1),
(432, 'Dalli-Rajhara', 5, NULL, 1),
(433, 'Naila Janjgir', 5, NULL, 1),
(434, 'Tilda Newra', 5, NULL, 1),
(435, 'Mungeli', 5, NULL, 1),
(436, 'Manendragarh', 5, NULL, 1),
(437, 'Sakti', 5, NULL, 1),
(438, 'Dhanbad', 12, NULL, 1),
(439, 'Ranchi', 12, NULL, 1),
(440, 'Jamshedpur', 12, NULL, 1),
(441, 'Bokaro Steel City', 12, NULL, 1),
(442, 'Deoghar', 12, NULL, 1),
(443, 'Phusro', 12, NULL, 1),
(444, 'Adityapur', 12, NULL, 1),
(445, 'Hazaribag', 12, NULL, 1),
(446, 'Giridih', 12, NULL, 1),
(447, 'Ramgarh', 12, NULL, 1),
(448, 'Jhumri Tilaiya', 12, NULL, 1),
(449, 'Saunda', 12, NULL, 1),
(450, 'Sahibganj', 12, NULL, 1),
(451, 'Medininagar (Daltonganj)', 12, NULL, 1),
(452, 'Chaibasa', 12, NULL, 1),
(453, 'Chatra', 12, NULL, 1),
(454, 'Gumia', 12, NULL, 1),
(455, 'Dumka', 12, NULL, 1),
(456, 'Madhupur', 12, NULL, 1),
(457, 'Chirkunda', 12, NULL, 1),
(458, 'Pakaur', 12, NULL, 1),
(459, 'Simdega', 12, NULL, 1),
(460, 'Musabani', 12, NULL, 1),
(461, 'Mihijam', 12, NULL, 1),
(462, 'Patratu', 12, NULL, 1),
(463, 'Lohardaga', 12, NULL, 1),
(464, 'Tenu dam-cum-Kathhara', 12, NULL, 1),
(465, 'Bengaluru', 13, NULL, 1),
(466, 'Hubli-Dharwad', 13, NULL, 1),
(467, 'Belagavi', 13, NULL, 1),
(468, 'Mangaluru', 13, NULL, 1),
(469, 'Davanagere', 13, NULL, 1),
(470, 'Ballari', 13, NULL, 1),
(471, 'Tumkur', 13, NULL, 1),
(472, 'Shivamogga', 13, NULL, 1),
(473, 'Raayachuru', 13, NULL, 1),
(474, 'Robertson Pet', 13, NULL, 1),
(475, 'Kolar', 13, NULL, 1),
(476, 'Mandya', 13, NULL, 1),
(477, 'Udupi', 13, NULL, 1),
(478, 'Chikkamagaluru', 13, NULL, 1),
(479, 'Karwar', 13, NULL, 1),
(480, 'Ranebennuru', 13, NULL, 1),
(481, 'Ranibennur', 13, NULL, 1),
(482, 'Ramanagaram', 13, NULL, 1),
(483, 'Gokak', 13, NULL, 1),
(484, 'Yadgir', 13, NULL, 1),
(485, 'Rabkavi Banhatti', 13, NULL, 1),
(486, 'Shahabad', 13, NULL, 1),
(487, 'Sirsi', 13, NULL, 1),
(488, 'Sindhnur', 13, NULL, 1),
(489, 'Tiptur', 13, NULL, 1),
(490, 'Arsikere', 13, NULL, 1),
(491, 'Nanjangud', 13, NULL, 1),
(492, 'Sagara', 13, NULL, 1),
(493, 'Sira', 13, NULL, 1),
(494, 'Puttur', 13, NULL, 1),
(495, 'Athni', 13, NULL, 1),
(496, 'Mulbagal', 13, NULL, 1),
(497, 'Surapura', 13, NULL, 1),
(498, 'Siruguppa', 13, NULL, 1),
(499, 'Mudhol', 13, NULL, 1),
(500, 'Sidlaghatta', 13, NULL, 1),
(501, 'Shahpur', 13, NULL, 1),
(502, 'Saundatti-Yellamma', 13, NULL, 1),
(503, 'Manvi', 13, NULL, 1),
(504, 'Nelamangala', 13, NULL, 1),
(505, 'Lakshmeshwar', 13, NULL, 1),
(506, 'Ramdurg', 13, NULL, 1),
(507, 'Nargund', 13, NULL, 1),
(508, 'Tarikere', 13, NULL, 1),
(509, 'Malavalli', 13, NULL, 1),
(510, 'Savanur', 13, NULL, 1),
(511, 'Lingsugur', 13, NULL, 1),
(512, 'Vijayapura', 13, NULL, 1),
(513, 'Sankeshwara', 13, NULL, 1),
(514, 'Madikeri', 13, NULL, 1),
(515, 'Talikota', 13, NULL, 1),
(516, 'Sedam', 13, NULL, 1),
(517, 'Shikaripur', 13, NULL, 1),
(518, 'Mahalingapura', 13, NULL, 1),
(519, 'Mudalagi', 13, NULL, 1),
(520, 'Muddebihal', 13, NULL, 1),
(521, 'Pavagada', 13, NULL, 1),
(522, 'Malur', 13, NULL, 1),
(523, 'Sindhagi', 13, NULL, 1),
(524, 'Sanduru', 13, NULL, 1),
(525, 'Afzalpur', 13, NULL, 1),
(526, 'Maddur', 13, NULL, 1),
(527, 'Madhugiri', 13, NULL, 1),
(528, 'Tekkalakote', 13, NULL, 1),
(529, 'Terdal', 13, NULL, 1),
(530, 'Mudabidri', 13, NULL, 1),
(531, 'Magadi', 13, NULL, 1),
(532, 'Navalgund', 13, NULL, 1),
(533, 'Shiggaon', 13, NULL, 1),
(534, 'Shrirangapattana', 13, NULL, 1),
(535, 'Sindagi', 13, NULL, 1),
(536, 'Sakaleshapura', 13, NULL, 1),
(537, 'Srinivaspur', 13, NULL, 1),
(538, 'Ron', 13, NULL, 1),
(539, 'Mundargi', 13, NULL, 1),
(540, 'Sadalagi', 13, NULL, 1),
(541, 'Piriyapatna', 13, NULL, 1),
(542, 'Adyar', 13, NULL, 1),
(543, 'Mysore', 13, NULL, 1),
(544, 'Thiruvananthapuram', 14, NULL, 1),
(545, 'Kochi', 14, NULL, 1),
(546, 'Kozhikode', 14, NULL, 1),
(547, 'Kollam', 14, NULL, 1),
(548, 'Thrissur', 14, NULL, 1),
(549, 'Palakkad', 14, NULL, 1),
(550, 'Alappuzha', 14, NULL, 1),
(551, 'Malappuram', 14, NULL, 1),
(552, 'Ponnani', 14, NULL, 1),
(553, 'Vatakara', 14, NULL, 1),
(554, 'Kanhangad', 14, NULL, 1),
(555, 'Taliparamba', 14, NULL, 1),
(556, 'Koyilandy', 14, NULL, 1),
(557, 'Neyyattinkara', 14, NULL, 1),
(558, 'Kayamkulam', 14, NULL, 1),
(559, 'Nedumangad', 14, NULL, 1),
(560, 'Kannur', 14, NULL, 1),
(561, 'Tirur', 14, NULL, 1),
(562, 'Kottayam', 14, NULL, 1),
(563, 'Kasaragod', 14, NULL, 1),
(564, 'Kunnamkulam', 14, NULL, 1),
(565, 'Ottappalam', 14, NULL, 1),
(566, 'Thiruvalla', 14, NULL, 1),
(567, 'Thodupuzha', 14, NULL, 1),
(568, 'Chalakudy', 14, NULL, 1),
(569, 'Changanassery', 14, NULL, 1),
(570, 'Punalur', 14, NULL, 1),
(571, 'Nilambur', 14, NULL, 1),
(572, 'Cherthala', 14, NULL, 1),
(573, 'Perinthalmanna', 14, NULL, 1),
(574, 'Mattannur', 14, NULL, 1),
(575, 'Shoranur', 14, NULL, 1),
(576, 'Varkala', 14, NULL, 1),
(577, 'Paravoor', 14, NULL, 1),
(578, 'Pathanamthitta', 14, NULL, 1),
(579, 'Peringathur', 14, NULL, 1),
(580, 'Attingal', 14, NULL, 1),
(581, 'Kodungallur', 14, NULL, 1),
(582, 'Pappinisseri', 14, NULL, 1),
(583, 'Chittur-Thathamangalam', 14, NULL, 1),
(584, 'Muvattupuzha', 14, NULL, 1),
(585, 'Adoor', 14, NULL, 1),
(586, 'Mavelikkara', 14, NULL, 1),
(587, 'Mavoor', 14, NULL, 1),
(588, 'Perumbavoor', 14, NULL, 1),
(589, 'Vaikom', 14, NULL, 1),
(590, 'Palai', 14, NULL, 1),
(591, 'Panniyannur', 14, NULL, 1),
(592, 'Guruvayoor', 14, NULL, 1),
(593, 'Puthuppally', 14, NULL, 1),
(594, 'Panamattom', 14, NULL, 1),
(595, 'Indore', 15, NULL, 1),
(596, 'Bhopal', 15, NULL, 1),
(597, 'Jabalpur', 15, NULL, 1),
(598, 'Gwalior', 15, NULL, 1),
(599, 'Ujjain', 15, NULL, 1),
(600, 'Sagar', 15, NULL, 1),
(601, 'Ratlam', 15, NULL, 1),
(602, 'Satna', 15, NULL, 1),
(603, 'Murwara (Katni)', 15, NULL, 1),
(604, 'Morena', 15, NULL, 1),
(605, 'Singrauli', 15, NULL, 1),
(606, 'Rewa', 15, NULL, 1),
(607, 'Vidisha', 15, NULL, 1),
(608, 'Ganjbasoda', 15, NULL, 1),
(609, 'Shivpuri', 15, NULL, 1),
(610, 'Mandsaur', 15, NULL, 1),
(611, 'Neemuch', 15, NULL, 1),
(612, 'Nagda', 15, NULL, 1),
(613, 'Itarsi', 15, NULL, 1),
(614, 'Sarni', 15, NULL, 1),
(615, 'Sehore', 15, NULL, 1),
(616, 'Mhow Cantonment', 15, NULL, 1),
(617, 'Seoni', 15, NULL, 1),
(618, 'Balaghat', 15, NULL, 1),
(619, 'Ashok Nagar', 15, NULL, 1),
(620, 'Tikamgarh', 15, NULL, 1),
(621, 'Shahdol', 15, NULL, 1),
(622, 'Pithampur', 15, NULL, 1),
(623, 'Alirajpur', 15, NULL, 1),
(624, 'Mandla', 15, NULL, 1),
(625, 'Sheopur', 15, NULL, 1),
(626, 'Shajapur', 15, NULL, 1),
(627, 'Panna', 15, NULL, 1),
(628, 'Raghogarh-Vijaypur', 15, NULL, 1),
(629, 'Sendhwa', 15, NULL, 1),
(630, 'Sidhi', 15, NULL, 1),
(631, 'Pipariya', 15, NULL, 1),
(632, 'Shujalpur', 15, NULL, 1),
(633, 'Sironj', 15, NULL, 1),
(634, 'Pandhurna', 15, NULL, 1),
(635, 'Nowgong', 15, NULL, 1),
(636, 'Mandideep', 15, NULL, 1),
(637, 'Sihora', 15, NULL, 1),
(638, 'Raisen', 15, NULL, 1),
(639, 'Lahar', 15, NULL, 1),
(640, 'Maihar', 15, NULL, 1),
(641, 'Sanawad', 15, NULL, 1),
(642, 'Sabalgarh', 15, NULL, 1),
(643, 'Umaria', 15, NULL, 1),
(644, 'Porsa', 15, NULL, 1),
(645, 'Narsinghgarh', 15, NULL, 1),
(646, 'Malaj Khand', 15, NULL, 1),
(647, 'Sarangpur', 15, NULL, 1),
(648, 'Mundi', 15, NULL, 1),
(649, 'Nepanagar', 15, NULL, 1),
(650, 'Pasan', 15, NULL, 1),
(651, 'Mahidpur', 15, NULL, 1),
(652, 'Seoni-Malwa', 15, NULL, 1),
(653, 'Rehli', 15, NULL, 1),
(654, 'Manawar', 15, NULL, 1),
(655, 'Rahatgarh', 15, NULL, 1),
(656, 'Panagar', 15, NULL, 1),
(657, 'Wara Seoni', 15, NULL, 1),
(658, 'Tarana', 15, NULL, 1),
(659, 'Sausar', 15, NULL, 1),
(660, 'Rajgarh', 15, NULL, 1),
(661, 'Niwari', 15, NULL, 1),
(662, 'Mauganj', 15, NULL, 1),
(663, 'Manasa', 15, NULL, 1),
(664, 'Nainpur', 15, NULL, 1),
(665, 'Prithvipur', 15, NULL, 1),
(666, 'Sohagpur', 15, NULL, 1),
(667, 'Nowrozabad (Khodargama)', 15, NULL, 1),
(668, 'Shamgarh', 15, NULL, 1),
(669, 'Maharajpur', 15, NULL, 1),
(670, 'Multai', 15, NULL, 1),
(671, 'Pali', 15, NULL, 1),
(672, 'Pachore', 15, NULL, 1),
(673, 'Rau', 15, NULL, 1),
(674, 'Mhowgaon', 15, NULL, 1),
(675, 'Vijaypur', 15, NULL, 1),
(676, 'Narsinghgarh', 15, NULL, 1),
(677, 'Aizawl', 19, NULL, 1),
(678, 'Lunglei', 19, NULL, 1),
(679, 'Saiha', 19, NULL, 1),
(680, 'Bhubaneswar', 21, NULL, 1),
(681, 'Cuttack', 21, NULL, 1),
(682, 'Raurkela', 21, NULL, 1),
(683, 'Brahmapur', 21, NULL, 1),
(684, 'Sambalpur', 21, NULL, 1),
(685, 'Puri', 21, NULL, 1),
(686, 'Baleshwar Town', 21, NULL, 1),
(687, 'Baripada Town', 21, NULL, 1),
(688, 'Bhadrak', 21, NULL, 1),
(689, 'Balangir', 21, NULL, 1),
(690, 'Jharsuguda', 21, NULL, 1),
(691, 'Bargarh', 21, NULL, 1),
(692, 'Paradip', 21, NULL, 1),
(693, 'Bhawanipatna', 21, NULL, 1),
(694, 'Dhenkanal', 21, NULL, 1),
(695, 'Barbil', 21, NULL, 1),
(696, 'Kendujhar', 21, NULL, 1),
(697, 'Sunabeda', 21, NULL, 1),
(698, 'Rayagada', 21, NULL, 1),
(699, 'Jatani', 21, NULL, 1),
(700, 'Byasanagar', 21, NULL, 1),
(701, 'Kendrapara', 21, NULL, 1),
(702, 'Rajagangapur', 21, NULL, 1),
(703, 'Parlakhemundi', 21, NULL, 1),
(704, 'Talcher', 21, NULL, 1),
(705, 'Sundargarh', 21, NULL, 1),
(706, 'Phulabani', 21, NULL, 1),
(707, 'Pattamundai', 21, NULL, 1),
(708, 'Titlagarh', 21, NULL, 1),
(709, 'Nabarangapur', 21, NULL, 1),
(710, 'Soro', 21, NULL, 1),
(711, 'Malkangiri', 21, NULL, 1),
(712, 'Rairangpur', 21, NULL, 1),
(713, 'Tarbha', 21, NULL, 1),
(714, 'Pondicherry', 31, NULL, 1),
(715, 'Karaikal', 31, NULL, 1),
(716, 'Yanam', 31, NULL, 1),
(717, 'Mahe', 31, NULL, 1),
(718, 'Ludhiana', 22, NULL, 1),
(719, 'Patiala', 22, NULL, 1),
(720, 'Amritsar', 22, NULL, 1),
(721, 'Jalandhar', 22, NULL, 1),
(722, 'Bathinda', 22, NULL, 1),
(723, 'Pathankot', 22, NULL, 1),
(724, 'Hoshiarpur', 22, NULL, 1),
(725, 'Batala', 22, NULL, 1),
(726, 'Moga', 22, NULL, 1),
(727, 'Malerkotla', 22, NULL, 1),
(728, 'Khanna', 22, NULL, 1),
(729, 'Mohali', 22, NULL, 1),
(730, 'Barnala', 22, NULL, 1),
(731, 'Firozpur', 22, NULL, 1),
(732, 'Phagwara', 22, NULL, 1),
(733, 'Kapurthala', 22, NULL, 1),
(734, 'Zirakpur', 22, NULL, 1),
(735, 'Kot Kapura', 22, NULL, 1),
(736, 'Faridkot', 22, NULL, 1),
(737, 'Muktsar', 22, NULL, 1),
(738, 'Rajpura', 22, NULL, 1),
(739, 'Sangrur', 22, NULL, 1),
(740, 'Fazilka', 22, NULL, 1),
(741, 'Gurdaspur', 22, NULL, 1),
(742, 'Kharar', 22, NULL, 1),
(743, 'Gobindgarh', 22, NULL, 1),
(744, 'Mansa', 22, NULL, 1),
(745, 'Malout', 22, NULL, 1),
(746, 'Nabha', 22, NULL, 1),
(747, 'Tarn Taran', 22, NULL, 1),
(748, 'Jagraon', 22, NULL, 1),
(749, 'Sunam', 22, NULL, 1),
(750, 'Dhuri', 22, NULL, 1),
(751, 'Firozpur Cantt.', 22, NULL, 1),
(752, 'Sirhind Fatehgarh Sahib', 22, NULL, 1),
(753, 'Rupnagar', 22, NULL, 1),
(754, 'Jalandhar Cantt.', 22, NULL, 1),
(755, 'Samana', 22, NULL, 1),
(756, 'Nawanshahr', 22, NULL, 1),
(757, 'Rampura Phul', 22, NULL, 1),
(758, 'Nangal', 22, NULL, 1),
(759, 'Nakodar', 22, NULL, 1),
(760, 'Zira', 22, NULL, 1),
(761, 'Patti', 22, NULL, 1),
(762, 'Raikot', 22, NULL, 1),
(763, 'Longowal', 22, NULL, 1),
(764, 'Urmar Tanda', 22, NULL, 1),
(765, 'Morinda, India', 22, NULL, 1),
(766, 'Phillaur', 22, NULL, 1),
(767, 'Pattran', 22, NULL, 1),
(768, 'Qadian', 22, NULL, 1),
(769, 'Sujanpur', 22, NULL, 1),
(770, 'Mukerian', 22, NULL, 1),
(771, 'Talwara', 22, NULL, 1),
(772, 'Ludhiana', 22, NULL, 1),
(773, 'Jaipur', 23, NULL, 1),
(774, 'Jodhpur', 23, NULL, 1),
(775, 'Bikaner', 23, NULL, 1),
(776, 'Udaipur', 23, NULL, 1),
(777, 'Ajmer', 23, NULL, 1),
(778, 'Bhilwara', 23, NULL, 1),
(779, 'Alwar', 23, NULL, 1),
(780, 'Bharatpur', 23, NULL, 1),
(781, 'Pali', 23, NULL, 1),
(782, 'Barmer', 23, NULL, 1),
(783, 'Sikar', 23, NULL, 1),
(784, 'Tonk', 23, NULL, 1),
(785, 'Sadulpur', 23, NULL, 1),
(786, 'Sawai Madhopur', 23, NULL, 1),
(787, 'Nagaur', 23, NULL, 1),
(788, 'Makrana', 23, NULL, 1),
(789, 'Sujangarh', 23, NULL, 1),
(790, 'Sardarshahar', 23, NULL, 1),
(791, 'Ladnu', 23, NULL, 1),
(792, 'Ratangarh', 23, NULL, 1),
(793, 'Nokha', 23, NULL, 1),
(794, 'Nimbahera', 23, NULL, 1),
(795, 'Suratgarh', 23, NULL, 1),
(796, 'Rajsamand', 23, NULL, 1),
(797, 'Lachhmangarh', 23, NULL, 1),
(798, 'Rajgarh (Churu)', 23, NULL, 1),
(799, 'Nasirabad', 23, NULL, 1),
(800, 'Nohar', 23, NULL, 1),
(801, 'Phalodi', 23, NULL, 1),
(802, 'Nathdwara', 23, NULL, 1),
(803, 'Pilani', 23, NULL, 1),
(804, 'Merta City', 23, NULL, 1),
(805, 'Sojat', 23, NULL, 1),
(806, 'Neem-Ka-Thana', 23, NULL, 1),
(807, 'Sirohi', 23, NULL, 1),
(808, 'Pratapgarh', 23, NULL, 1),
(809, 'Rawatbhata', 23, NULL, 1),
(810, 'Sangaria', 23, NULL, 1),
(811, 'Lalsot', 23, NULL, 1),
(812, 'Pilibanga', 23, NULL, 1),
(813, 'Pipar City', 23, NULL, 1),
(814, 'Taranagar', 23, NULL, 1),
(815, 'Vijainagar, Ajmer', 23, NULL, 1),
(816, 'Sumerpur', 23, NULL, 1),
(817, 'Sagwara', 23, NULL, 1),
(818, 'Ramganj Mandi', 23, NULL, 1),
(819, 'Lakheri', 23, NULL, 1),
(820, 'Udaipurwati', 23, NULL, 1),
(821, 'Losal', 23, NULL, 1),
(822, 'Sri Madhopur', 23, NULL, 1),
(823, 'Ramngarh', 23, NULL, 1),
(824, 'Rawatsar', 23, NULL, 1),
(825, 'Rajakhera', 23, NULL, 1),
(826, 'Shahpura', 23, NULL, 1),
(827, 'Shahpura', 23, NULL, 1),
(828, 'Raisinghnagar', 23, NULL, 1),
(829, 'Malpura', 23, NULL, 1),
(830, 'Nadbai', 23, NULL, 1),
(831, 'Sanchore', 23, NULL, 1),
(832, 'Nagar', 23, NULL, 1),
(833, 'Rajgarh (Alwar)', 23, NULL, 1),
(834, 'Sheoganj', 23, NULL, 1),
(835, 'Sadri', 23, NULL, 1),
(836, 'Todaraisingh', 23, NULL, 1),
(837, 'Todabhim', 23, NULL, 1),
(838, 'Reengus', 23, NULL, 1),
(839, 'Rajaldesar', 23, NULL, 1),
(840, 'Sadulshahar', 23, NULL, 1),
(841, 'Sambhar', 23, NULL, 1),
(842, 'Prantij', 23, NULL, 1),
(843, 'Mount Abu', 23, NULL, 1),
(844, 'Mangrol', 23, NULL, 1),
(845, 'Phulera', 23, NULL, 1),
(846, 'Mandawa', 23, NULL, 1),
(847, 'Pindwara', 23, NULL, 1),
(848, 'Mandalgarh', 23, NULL, 1),
(849, 'Takhatgarh', 23, NULL, 1),
(850, 'Chennai', 25, NULL, 1),
(851, 'Coimbatore', 25, NULL, 1),
(852, 'Madurai', 25, NULL, 1),
(853, 'Tiruchirappalli', 25, NULL, 1),
(854, 'Salem', 25, NULL, 1),
(855, 'Tirunelveli', 25, NULL, 1),
(856, 'Tiruppur', 25, NULL, 1),
(857, 'Ranipet', 25, NULL, 1),
(858, 'Nagercoil', 25, NULL, 1),
(859, 'Thanjavur', 25, NULL, 1),
(860, 'Vellore', 25, NULL, 1),
(861, 'Kancheepuram', 25, NULL, 1),
(862, 'Erode', 25, NULL, 1),
(863, 'Tiruvannamalai', 25, NULL, 1),
(864, 'Pollachi', 25, NULL, 1),
(865, 'Rajapalayam', 25, NULL, 1),
(866, 'Sivakasi', 25, NULL, 1),
(867, 'Pudukkottai', 25, NULL, 1),
(868, 'Neyveli (TS)', 25, NULL, 1),
(869, 'Nagapattinam', 25, NULL, 1),
(870, 'Viluppuram', 25, NULL, 1),
(871, 'Tiruchengode', 25, NULL, 1),
(872, 'Vaniyambadi', 25, NULL, 1),
(873, 'Theni Allinagaram', 25, NULL, 1),
(874, 'Udhagamandalam', 25, NULL, 1),
(875, 'Aruppukkottai', 25, NULL, 1),
(876, 'Paramakudi', 25, NULL, 1),
(877, 'Arakkonam', 25, NULL, 1),
(878, 'Virudhachalam', 25, NULL, 1),
(879, 'Srivilliputhur', 25, NULL, 1),
(880, 'Tindivanam', 25, NULL, 1),
(881, 'Virudhunagar', 25, NULL, 1),
(882, 'Karur', 25, NULL, 1),
(883, 'Valparai', 25, NULL, 1),
(884, 'Sankarankovil', 25, NULL, 1),
(885, 'Tenkasi', 25, NULL, 1),
(886, 'Palani', 25, NULL, 1),
(887, 'Pattukkottai', 25, NULL, 1),
(888, 'Tirupathur', 25, NULL, 1),
(889, 'Ramanathapuram', 25, NULL, 1),
(890, 'Udumalaipettai', 25, NULL, 1),
(891, 'Gobichettipalayam', 25, NULL, 1),
(892, 'Thiruvarur', 25, NULL, 1),
(893, 'Thiruvallur', 25, NULL, 1),
(894, 'Panruti', 25, NULL, 1),
(895, 'Namakkal', 25, NULL, 1),
(896, 'Thirumangalam', 25, NULL, 1),
(897, 'Vikramasingapuram', 25, NULL, 1),
(898, 'Nellikuppam', 25, NULL, 1),
(899, 'Rasipuram', 25, NULL, 1),
(900, 'Tiruttani', 25, NULL, 1),
(901, 'Nandivaram-Guduvancheri', 25, NULL, 1),
(902, 'Periyakulam', 25, NULL, 1),
(903, 'Pernampattu', 25, NULL, 1),
(904, 'Vellakoil', 25, NULL, 1),
(905, 'Sivaganga', 25, NULL, 1),
(906, 'Vadalur', 25, NULL, 1),
(907, 'Rameshwaram', 25, NULL, 1),
(908, 'Tiruvethipuram', 25, NULL, 1),
(909, 'Perambalur', 25, NULL, 1),
(910, 'Usilampatti', 25, NULL, 1),
(911, 'Vedaranyam', 25, NULL, 1),
(912, 'Sathyamangalam', 25, NULL, 1),
(913, 'Puliyankudi', 25, NULL, 1),
(914, 'Nanjikottai', 25, NULL, 1),
(915, 'Thuraiyur', 25, NULL, 1),
(916, 'Sirkali', 25, NULL, 1),
(917, 'Tiruchendur', 25, NULL, 1),
(918, 'Periyasemur', 25, NULL, 1),
(919, 'Sattur', 25, NULL, 1),
(920, 'Vandavasi', 25, NULL, 1),
(921, 'Tharamangalam', 25, NULL, 1),
(922, 'Tirukkoyilur', 25, NULL, 1),
(923, 'Oddanchatram', 25, NULL, 1),
(924, 'Palladam', 25, NULL, 1),
(925, 'Vadakkuvalliyur', 25, NULL, 1),
(926, 'Tirukalukundram', 25, NULL, 1),
(927, 'Uthamapalayam', 25, NULL, 1),
(928, 'Surandai', 25, NULL, 1),
(929, 'Sankari', 25, NULL, 1),
(930, 'Shenkottai', 25, NULL, 1),
(931, 'Vadipatti', 25, NULL, 1),
(932, 'Sholingur', 25, NULL, 1),
(933, 'Tirupathur', 25, NULL, 1),
(934, 'Manachanallur', 25, NULL, 1),
(935, 'Viswanatham', 25, NULL, 1),
(936, 'Polur', 25, NULL, 1),
(937, 'Panagudi', 25, NULL, 1),
(938, 'Uthiramerur', 25, NULL, 1),
(939, 'Thiruthuraipoondi', 25, NULL, 1),
(940, 'Pallapatti', 25, NULL, 1),
(941, 'Ponneri', 25, NULL, 1),
(942, 'Lalgudi', 25, NULL, 1),
(943, 'Natham', 25, NULL, 1),
(944, 'Unnamalaikadai', 25, NULL, 1),
(945, 'P.N.Patti', 25, NULL, 1),
(946, 'Tharangambadi', 25, NULL, 1),
(947, 'Tittakudi', 25, NULL, 1),
(948, 'Pacode', 25, NULL, 1),
(949, 'O Valley', 25, NULL, 1),
(950, 'Suriyampalayam', 25, NULL, 1),
(951, 'Sholavandan', 25, NULL, 1),
(952, 'Thammampatti', 25, NULL, 1),
(953, 'Namagiripettai', 25, NULL, 1),
(954, 'Peravurani', 25, NULL, 1),
(955, 'Parangipettai', 25, NULL, 1),
(956, 'Pudupattinam', 25, NULL, 1),
(957, 'Pallikonda', 25, NULL, 1),
(958, 'Sivagiri', 25, NULL, 1),
(959, 'Punjaipugalur', 25, NULL, 1),
(960, 'Padmanabhapuram', 25, NULL, 1),
(961, 'Thirupuvanam', 25, NULL, 1),
(962, 'Hyderabad', 32, NULL, 1),
(963, 'Warangal', 32, NULL, 1),
(964, 'Nizamabad', 32, NULL, 1),
(965, 'Karimnagar', 32, NULL, 1),
(966, 'Ramagundam', 32, NULL, 1),
(967, 'Khammam', 32, NULL, 1),
(968, 'Mahbubnagar', 32, NULL, 1),
(969, 'Mancherial', 32, NULL, 1),
(970, 'Adilabad', 32, NULL, 1),
(971, 'Suryapet', 32, NULL, 1),
(972, 'Jagtial', 32, NULL, 1),
(973, 'Miryalaguda', 32, NULL, 1),
(974, 'Nirmal', 32, NULL, 1),
(975, 'Kamareddy', 32, NULL, 1),
(976, 'Kothagudem', 32, NULL, 1),
(977, 'Bodhan', 32, NULL, 1),
(978, 'Palwancha', 32, NULL, 1),
(979, 'Mandamarri', 32, NULL, 1),
(980, 'Koratla', 32, NULL, 1),
(981, 'Sircilla', 32, NULL, 1),
(982, 'Tandur', 32, NULL, 1),
(983, 'Siddipet', 32, NULL, 1),
(984, 'Wanaparthy', 32, NULL, 1),
(985, 'Kagaznagar', 32, NULL, 1),
(986, 'Gadwal', 32, NULL, 1),
(987, 'Sangareddy', 32, NULL, 1),
(988, 'Bellampalle', 32, NULL, 1),
(989, 'Bhongir', 32, NULL, 1),
(990, 'Vikarabad', 32, NULL, 1),
(991, 'Jangaon', 32, NULL, 1),
(992, 'Bhadrachalam', 32, NULL, 1),
(993, 'Bhainsa', 32, NULL, 1),
(994, 'Farooqnagar', 32, NULL, 1),
(995, 'Medak', 32, NULL, 1),
(996, 'Narayanpet', 32, NULL, 1),
(997, 'Sadasivpet', 32, NULL, 1),
(998, 'Yellandu', 32, NULL, 1),
(999, 'Manuguru', 32, NULL, 1),
(1000, 'Kyathampalle', 32, NULL, 1),
(1001, 'Nagarkurnool', 32, NULL, 1),
(1002, 'Agartala', 26, NULL, 1),
(1003, 'Udaipur', 26, NULL, 1),
(1004, 'Dharmanagar', 26, NULL, 1),
(1005, 'Pratapgarh', 26, NULL, 1),
(1006, 'Kailasahar', 26, NULL, 1),
(1007, 'Belonia', 26, NULL, 1),
(1008, 'Khowai', 26, NULL, 1);

-- --------------------------------------------------------

--
-- Table structure for table `districs`
--

CREATE TABLE `districs` (
  `ds_id` int(11) NOT NULL,
  `ds_name` varchar(255) NOT NULL,
  `ds_stateid` int(11) NOT NULL,
  `ds_status` tinyint(2) NOT NULL DEFAULT 1
) ENGINE=InnoDB DEFAULT CHARSET=utf8mb4;

--
-- Dumping data for table `districs`
--

INSERT INTO `districs` (`ds_id`, `ds_name`, `ds_stateid`, `ds_status`) VALUES
(1, 'Anantapur', 1, 1),
(2, 'Chittoor', 1, 1),
(3, 'East Godavari', 1, 1),
(4, 'Guntur', 1, 1),
(5, 'Kadapa', 1, 1),
(6, 'Krishna', 1, 1),
(7, 'Kurnool', 1, 1),
(8, 'Kurnool', 1, 1),
(9, 'Prakasam', 1, 1),
(10, 'Srikakulam', 1, 1),
(11, 'Visakhapatnam', 1, 1),
(12, 'Vizianagaram', 1, 1),
(13, 'West Godavari', 1, 1),
(14, 'Anjaw', 3, 1),
(15, 'Central Siang', 3, 1),
(16, 'Changlang', 3, 1),
(17, 'Dibang Valley', 3, 1),
(18, 'East Kameng', 3, 1),
(19, 'East Siang', 3, 1),
(20, 'Kamle', 3, 1),
(21, 'Kra Daadi', 3, 1),
(22, 'Kurung Kumey', 3, 1),
(23, 'Lepa Rada', 3, 1),
(24, 'Lohit', 3, 1),
(25, 'Longding', 3, 1),
(26, 'Lower Dibang Valley', 3, 1),
(27, 'Lower Siang', 3, 1),
(28, 'Lower Subansiri', 3, 1),
(29, 'Namsai', 3, 1),
(30, 'Pakke Kessang', 3, 1),
(31, 'Papum Pare', 3, 1),
(32, 'Shi Yomi', 3, 1),
(33, 'Tawang', 3, 1),
(34, 'Tirap', 3, 1),
(35, 'Upper Siang', 3, 1),
(36, 'Upper Subansiri', 3, 1),
(37, 'West Kameng', 3, 1),
(38, 'West Siang', 3, 1),
(39, 'Baksa', 2, 1),
(40, 'Barpeta', 2, 1),
(41, 'Biswanath', 2, 1),
(42, 'Bongaigaon', 2, 1),
(43, 'Cachar', 2, 1),
(44, 'Charaideo', 2, 1),
(45, 'Chirang', 2, 1),
(46, 'Darrang', 2, 1),
(47, 'Dhemaji', 2, 1),
(48, 'Dhubri', 2, 1),
(49, 'Dibrugarh', 2, 1),
(50, 'Dima Hasao', 2, 1),
(51, 'Goalpara', 2, 1),
(52, 'Golaghat', 2, 1),
(53, 'Hailakandi', 2, 1),
(54, 'Hojai', 2, 1),
(55, 'Jorhat', 2, 1),
(56, 'Kamrup', 2, 1),
(57, 'Kamrup Metropolitan', 2, 1),
(58, 'Karbi Anglong', 2, 1),
(59, 'Karimganj', 2, 1),
(60, 'Kokrajhar', 2, 1),
(61, 'Lakhimpur', 2, 1),
(62, 'Majuli', 2, 1),
(63, 'Morigaon', 2, 1),
(64, 'Nagaon', 2, 1),
(65, 'Nalbari', 2, 1),
(66, 'Sivasagar', 2, 1),
(67, 'Sonitpur', 2, 1),
(68, 'South Salmara-Mankachar', 2, 1),
(69, 'Tinsukia', 2, 1),
(70, 'Udalguri', 2, 1),
(71, 'West Karbi Anglong', 2, 1),
(72, 'Araria', 4, 1),
(73, 'Arwal', 4, 1),
(74, 'Aurangabad', 4, 1),
(75, 'Banka', 4, 1),
(76, 'Begusarai', 4, 1),
(77, 'Bhagalpur', 4, 1),
(78, 'Bhojpur', 4, 1),
(79, 'Buxar', 4, 1),
(80, 'Darbhanga', 4, 1),
(81, 'East Champaran', 4, 1),
(82, 'Gaya', 4, 1),
(83, 'Gopalganj', 4, 1),
(84, 'Jamui', 4, 1),
(85, 'Jehanabad', 4, 1),
(86, 'Kaimur', 4, 1),
(87, 'Katihar', 4, 1),
(88, 'Khagaria', 4, 1),
(89, 'Kishanganj', 4, 1),
(90, 'Lakhisarai', 4, 1),
(91, 'Madhepura', 4, 1),
(92, 'Madhubani', 4, 1),
(93, 'Munger', 4, 1),
(94, 'Muzaffarpur', 4, 1),
(95, 'Nalanda', 4, 1),
(96, 'Nawada', 4, 1),
(97, 'Patna', 4, 1),
(98, 'Purnia', 4, 1),
(99, 'Rohtas', 4, 1),
(100, 'Saharsa', 4, 1),
(101, 'Samastipur', 4, 1),
(102, 'Saran', 4, 1),
(103, 'Sheikhpura', 4, 1),
(104, 'Sheohar', 4, 1),
(105, 'Sitamarhi', 4, 1),
(106, 'Siwan', 4, 1),
(107, 'Supaul', 4, 1),
(108, 'Vaishali', 4, 1),
(109, 'West Champaran', 4, 1),
(110, 'Chandigarh', 5, 1),
(111, 'Balod', 5, 1),
(112, 'Baloda Bazar', 5, 1),
(113, 'Balrampur', 5, 1),
(114, 'Bastar', 5, 1),
(115, 'Bemetara', 5, 1),
(116, 'Bijapur', 5, 1),
(117, 'Bilaspur', 5, 1),
(118, 'Dantewada', 5, 1),
(119, 'Dhamtari', 5, 1),
(120, 'Durg', 5, 1),
(121, 'Gariaband', 5, 1),
(122, 'Gaurela Pendra Marwahi', 5, 1),
(123, 'Janjgir Champa', 5, 1),
(124, 'Jashpur', 5, 1),
(125, 'Kabirdham', 5, 1),
(126, 'Kanker', 5, 1),
(127, 'Kondagaon', 5, 1),
(128, 'Korba', 5, 1),
(129, 'Koriya', 5, 1),
(130, 'Mahasamund', 5, 1),
(131, 'Mungeli', 5, 1),
(132, 'Narayanpur', 5, 1),
(133, 'Raigarh', 5, 1),
(134, 'Raipur', 5, 1),
(135, 'Rajnandgaon', 5, 1),
(136, 'Sukma', 5, 1),
(137, 'Surajpur', 5, 1),
(138, 'Surguja', 5, 1),
(139, 'Central Delhi', 6, 1),
(140, 'East Delhi', 6, 1),
(141, 'New Delhi', 6, 1),
(142, 'North Delhi', 6, 1),
(143, 'North East Delhi', 6, 1),
(144, 'North West Delhi', 6, 1),
(145, 'Shahdara', 6, 1),
(146, 'South Delhi', 6, 1),
(147, 'South East Delhi', 6, 1),
(148, 'South West Delhi', 6, 1),
(149, 'West Delhi', 6, 1),
(150, 'North Goa', 7, 1),
(151, 'South Goa', 7, 1),
(152, 'Ahmedabad', 8, 1),
(153, 'Amreli', 8, 1),
(154, 'Anand', 8, 1),
(155, 'Aravalli', 8, 1),
(156, 'Banaskantha', 8, 1),
(157, 'Bharuch', 8, 1),
(158, 'Bhavnagar', 8, 1),
(159, 'Botad', 8, 1),
(160, 'Chhota Udaipur', 8, 1),
(161, 'Dahod', 8, 1),
(162, 'Dang', 8, 1),
(163, 'Devbhoomi Dwarka', 8, 1),
(164, 'Gandhinagar', 8, 1),
(165, 'Gir Somnath', 8, 1),
(166, 'Jamnagar', 8, 1),
(167, 'Junagadh', 8, 1),
(168, 'Kheda', 8, 1),
(169, 'Kutch', 8, 1),
(170, 'Mahisagar', 8, 1),
(171, 'Mehsana', 8, 1),
(172, 'Morbi', 8, 1),
(173, 'Narmada', 8, 1),
(174, 'Navsari', 8, 1),
(175, 'Panchmahal', 8, 1),
(176, 'Patan', 8, 1),
(177, 'Porbandar', 8, 1),
(178, 'Rajkot', 8, 1),
(179, 'Sabarkantha', 8, 1),
(180, 'Surat', 8, 1),
(181, 'Surendranagar', 8, 1),
(182, 'Tapi', 8, 1),
(183, 'Vadodara', 8, 1),
(184, 'Valsad', 8, 1),
(185, 'Ambala', 9, 1),
(186, 'Bhiwani', 9, 1),
(187, 'Charkhi Dadri', 9, 1),
(188, 'Faridabad', 9, 1),
(189, 'Fatehabad', 9, 1),
(190, 'Gurugram', 9, 1),
(191, 'Hisar', 9, 1),
(192, 'Jhajjar', 9, 1),
(193, 'Jind', 9, 1),
(194, 'Kaithal', 9, 1),
(195, 'Karnal', 9, 1),
(196, 'Kurukshetra', 9, 1),
(197, 'Mahendragarh', 9, 1),
(198, 'Mewat', 9, 1),
(199, 'Palwal', 9, 1),
(200, 'Panchkula', 9, 1),
(201, 'Panipat', 9, 1),
(202, 'Rewari', 9, 1),
(203, 'Rohtak', 9, 1),
(204, 'Sirsa', 9, 1),
(205, 'Sonipat', 9, 1),
(206, 'Yamunanagar', 9, 1),
(207, 'Bilaspur', 10, 1),
(208, 'Chamba', 10, 1),
(209, 'Hamirpur', 10, 1),
(210, 'Kangra', 10, 1),
(211, 'Kinnaur', 10, 1),
(212, 'Kullu', 10, 1),
(213, 'Lahaul Spiti', 10, 1),
(214, 'Mandi', 10, 1),
(215, 'Shimla', 10, 1),
(216, 'Sirmaur', 10, 1),
(217, 'Solan', 10, 1),
(218, 'Una', 10, 1),
(219, 'Anantnag', 11, 1),
(220, 'Bandipora', 11, 1),
(221, 'Baramulla', 11, 1),
(222, 'Budgam', 11, 1),
(223, 'Doda', 11, 1),
(224, 'Ganderbal', 11, 1),
(225, 'Jammu', 11, 1),
(226, 'Kathua', 11, 1),
(227, 'Kishtwar', 11, 1),
(228, 'Kulgam', 11, 1),
(229, 'Kupwara', 11, 1),
(230, 'Poonch', 11, 1),
(231, 'Pulwama', 11, 1),
(232, 'Rajouri', 11, 1),
(233, 'Ramban', 11, 1),
(234, 'Reasi', 11, 1),
(235, 'Samba', 11, 1),
(236, 'Shopian', 11, 1),
(237, 'Srinagar', 11, 1),
(238, 'Udhampur', 11, 1),
(239, 'Bokaro', 12, 1),
(240, 'Chatra', 12, 1),
(241, 'Deoghar', 12, 1),
(242, 'Dhanbad', 12, 1),
(243, 'Dumka', 12, 1),
(244, 'East Singhbhum', 12, 1),
(245, 'Garhwa', 12, 1),
(246, 'Giridih', 12, 1),
(247, 'Godda', 12, 1),
(248, 'Gumla', 12, 1),
(249, 'Hazaribagh', 12, 1),
(250, 'Jamtara', 12, 1),
(251, 'Khunti', 12, 1),
(252, 'Koderma', 12, 1),
(253, 'Latehar', 12, 1),
(254, 'Lohardaga', 12, 1),
(255, 'Pakur', 12, 1),
(256, 'Palamu', 12, 1),
(257, 'Ramgarh', 12, 1),
(258, 'Ranchi', 12, 1),
(259, 'Sahebganj', 12, 1),
(260, 'Seraikela Kharsawan', 12, 1),
(261, 'Simdega', 12, 1),
(262, 'West Singhbhum', 12, 1),
(263, 'Bagalkot', 13, 1),
(264, 'Bangalore Rural', 13, 1),
(265, 'Bangalore Urban', 13, 1),
(266, 'Belgaum', 13, 1),
(267, 'Bellary', 13, 1),
(268, 'Bidar', 13, 1),
(269, 'Chamarajanagar', 13, 1),
(270, 'Chikkaballapur', 13, 1),
(271, 'Chikkamagaluru', 13, 1),
(272, 'Chitradurga', 13, 1),
(273, 'Dakshina Kannada', 13, 1),
(274, 'Davanagere', 13, 1),
(275, 'Dharwad', 13, 1),
(276, 'Gadag', 13, 1),
(277, 'Gulbarga', 13, 1),
(278, 'Hassan', 13, 1),
(279, 'Haveri', 13, 1),
(280, 'Kodagu', 13, 1),
(281, 'Kolar', 13, 1),
(282, 'Koppal', 13, 1),
(283, 'Mandya', 13, 1),
(284, 'Mysore', 13, 1),
(285, 'Raichur', 13, 1),
(286, 'Ramanagara', 13, 1),
(287, 'Shimoga', 13, 1),
(288, 'Tumkur', 13, 1),
(289, 'Udupi', 13, 1),
(290, 'Uttara Kannada', 13, 1),
(291, 'Vijayapura ', 13, 1),
(292, 'Yadgir', 13, 1),
(293, 'Alappuzha', 14, 1),
(294, 'Ernakulam', 14, 1),
(295, 'Idukki', 14, 1),
(296, 'Kannur', 14, 1),
(297, 'Kasaragod', 14, 1),
(298, 'Kollam', 14, 1),
(299, 'Kottayam', 14, 1),
(300, 'Kozhikode', 14, 1),
(301, 'Malappuram', 14, 1),
(302, 'Palakkad', 14, 1),
(303, 'Pathanamthitta', 14, 1),
(304, 'Thiruvananthapuram', 14, 1),
(305, 'Thrissur', 14, 1),
(306, 'Wayanad', 14, 1),
(307, 'Kargil', 30, 1),
(308, 'Leh', 30, 1),
(309, 'Agar Malwa', 15, 1),
(310, 'Alirajpur', 15, 1),
(311, 'Anuppur', 15, 1),
(312, 'Ashoknagar', 15, 1),
(313, 'Balaghat', 15, 1),
(314, 'Barwani', 15, 1),
(315, 'Betul', 15, 1),
(316, 'Bhind', 15, 1),
(317, 'Bhopal', 15, 1),
(318, 'Burhanpur', 15, 1),
(319, 'Chhatarpur', 15, 1),
(320, 'Chhindwara', 15, 1),
(321, 'Damoh', 15, 1),
(322, 'Datia', 15, 1),
(323, 'Dewas', 15, 1),
(324, 'Dhar', 15, 1),
(325, 'Dindori', 15, 1),
(326, 'Guna', 15, 1),
(327, 'Gwalior', 15, 1),
(328, 'Harda', 15, 1),
(329, 'Hoshangabad', 15, 1),
(330, 'Indore', 15, 1),
(331, 'Jabalpur', 15, 1),
(332, 'Jhabua', 15, 1),
(333, 'Katni', 15, 1),
(334, 'Khandwa', 15, 1),
(335, 'Khargone', 15, 1),
(336, 'Mandla', 15, 1),
(337, 'Mandsaur', 15, 1),
(338, 'Morena', 15, 1),
(339, 'Narsinghpur', 15, 1),
(340, 'Neemuch', 15, 1),
(341, 'Niwari', 15, 1),
(342, 'Panna', 15, 1),
(343, 'Raisen', 15, 1),
(344, 'Rajgarh', 15, 1),
(345, 'Ratlam', 15, 1),
(346, 'Rewa', 15, 1),
(347, 'Sagar', 15, 1),
(348, 'Satna', 15, 1),
(349, 'Sehore', 15, 1),
(350, 'Seoni', 15, 1),
(351, 'Shahdol', 15, 1),
(352, 'Shajapur', 15, 1),
(353, 'Sheopur', 15, 1),
(354, 'Shivpuri', 15, 1),
(355, 'Sidhi', 15, 1),
(356, 'Singrauli', 15, 1),
(357, 'Tikamgarh', 15, 1),
(358, 'Ujjain', 15, 1),
(359, 'Umaria', 15, 1),
(360, 'Vidisha', 15, 1),
(361, 'Ahmednagar', 16, 1),
(362, 'Akola', 16, 1),
(363, 'Amravati', 16, 1),
(364, 'Aurangabad', 16, 1),
(365, 'Beed', 16, 1),
(366, 'Bhandara', 16, 1),
(367, 'Buldhana', 16, 1),
(368, 'Chandrapur', 16, 1),
(369, 'Dhule', 16, 1),
(370, 'Gadchiroli', 16, 1),
(371, 'Gondia', 16, 1),
(372, 'Hingoli', 16, 1),
(373, 'Jalgaon', 16, 1),
(374, 'Jalna', 16, 1),
(375, 'Kolhapur', 16, 1),
(376, 'Latur', 16, 1),
(377, 'Mumbai City', 16, 1),
(378, 'Mumbai Suburban', 16, 1),
(379, 'Nagpur', 16, 1),
(380, 'Nanded', 16, 1),
(381, 'Nandurbar', 16, 1),
(382, 'Nashik', 16, 1),
(383, 'Osmanabad', 16, 1),
(384, 'Palghar', 16, 1),
(385, 'Parbhani', 16, 1),
(386, 'Pune', 16, 1),
(387, 'Raigad', 16, 1),
(388, 'Ratnagiri', 16, 1),
(389, 'Sangli', 16, 1),
(390, 'Satara', 16, 1),
(391, 'Sindhudurg', 16, 1),
(392, 'Solapur', 16, 1),
(393, 'Thane', 16, 1),
(394, 'Wardha', 16, 1),
(395, 'Washim', 16, 1),
(396, 'Yavatmal', 16, 1),
(397, 'Bishnupur', 17, 1),
(398, 'Chandel', 17, 1),
(399, 'Churachandpur', 17, 1),
(400, 'Imphal East', 17, 1),
(401, 'Imphal West', 17, 1),
(402, 'Jiribam', 17, 1),
(403, 'Kakching', 17, 1),
(404, 'Kamjong', 17, 1),
(405, 'Kangpokpi', 17, 1),
(406, 'Noney', 17, 1),
(407, 'Pherzawl', 17, 1),
(408, 'Senapati', 17, 1),
(409, 'Tamenglong', 17, 1),
(410, 'Tengnoupal', 17, 1),
(411, 'Thoubal', 17, 1),
(412, 'Ukhrul', 17, 1),
(413, 'East Garo Hills', 18, 1),
(414, 'East Jaintia Hills', 18, 1),
(415, 'East Khasi Hills', 18, 1),
(416, 'North Garo Hills', 18, 1),
(417, 'Ri Bhoi', 18, 1),
(418, 'South Garo Hills', 18, 1),
(419, 'South West Garo Hills', 18, 1),
(420, 'South West Khasi Hills', 18, 1),
(421, 'West Garo Hills', 18, 1),
(422, 'West Jaintia Hills', 18, 1),
(423, 'West Khasi Hills', 18, 1),
(424, 'Aizawl', 19, 1),
(425, 'Champhai', 19, 1),
(426, 'Kolasib', 19, 1),
(427, 'Lawngtlai', 19, 1),
(428, 'Lunglei', 19, 1),
(429, 'Mamit', 19, 1),
(430, 'Saiha', 19, 1),
(431, 'Serchhip', 19, 1),
(432, 'Dimapur', 20, 1),
(433, 'Kiphire', 20, 1),
(434, 'Kohima', 20, 1),
(435, 'Longleng', 20, 1),
(436, 'Mokokchung', 20, 1),
(437, 'Mon', 20, 1),
(438, 'Noklak', 20, 1),
(439, 'Peren', 20, 1),
(440, 'Phek', 20, 1),
(441, 'Tuensang', 20, 1),
(442, 'Wokha', 20, 1),
(443, 'Zunheboto', 20, 1),
(444, 'Angul', 21, 1),
(445, 'Balangir', 21, 1),
(446, 'Balasore', 21, 1),
(447, 'Bargarh', 21, 1),
(448, 'Bhadrak', 21, 1),
(449, 'Boudh', 21, 1),
(450, 'Cuttack', 21, 1),
(451, 'Debagarh', 21, 1),
(452, 'Dhenkanal', 21, 1),
(453, 'Gajapati', 21, 1),
(454, 'Ganjam', 21, 1),
(455, 'Jagatsinghpur', 21, 1),
(456, 'Jajpur', 21, 1),
(457, 'Jharsuguda', 21, 1),
(458, 'Kalahandi', 21, 1),
(459, 'Kandhamal', 21, 1),
(460, 'Kendrapara', 21, 1),
(461, 'Kendujhar', 21, 1),
(462, 'Khordha', 21, 1),
(463, 'Koraput', 21, 1),
(464, 'Malkangiri', 21, 1),
(465, 'Mayurbhanj', 21, 1),
(466, 'Nabarangpur', 21, 1),
(467, 'Nayagarh', 21, 1),
(468, 'Nuapada', 21, 1),
(469, 'Puri', 21, 1),
(470, 'Rayagada', 21, 1),
(471, 'Sambalpur', 21, 1),
(472, 'Subarnapur', 21, 1),
(473, 'Sundergarh', 21, 1),
(474, 'Karaikal', 31, 1),
(475, 'Mahe', 31, 1),
(476, 'Puducherry', 31, 1),
(477, 'Yanam', 31, 1),
(478, 'Amritsar', 22, 1),
(479, 'Barnala', 22, 1),
(480, 'Bathinda', 22, 1),
(481, 'Faridkot', 22, 1),
(482, 'Fatehgarh Sahib', 22, 1),
(483, 'Fazilka', 22, 1),
(484, 'Firozpur', 22, 1),
(485, 'Gurdaspur', 22, 1),
(486, 'Hoshiarpur', 22, 1),
(487, 'Jalandhar', 22, 1),
(488, 'Kapurthala', 22, 1),
(489, 'Ludhiana', 22, 1),
(490, 'Mansa', 22, 1),
(491, 'Moga', 22, 1),
(492, 'Mohali', 22, 1),
(493, 'Muktsar', 22, 1),
(494, 'Pathankot', 22, 1),
(495, 'Patiala', 22, 1),
(496, 'Rupnagar', 22, 1),
(497, 'Sangrur', 22, 1),
(498, 'Shaheed Bhagat Singh Nagar', 22, 1),
(499, 'Tarn Taran', 22, 1),
(500, 'Ajmer', 23, 1),
(501, 'Alwar', 23, 1),
(502, 'Banswara', 23, 1),
(503, 'Baran', 23, 1),
(504, 'Barmer', 23, 1),
(505, 'Bharatpur', 23, 1),
(506, 'Bhilwara', 23, 1),
(507, 'Bikaner', 23, 1),
(508, 'Bundi', 23, 1),
(509, 'Chittorgarh', 23, 1),
(510, 'Churu', 23, 1),
(511, 'Dausa', 23, 1),
(512, 'Dholpur', 23, 1),
(513, 'Dungarpur', 23, 1),
(514, 'Hanumangarh', 23, 1),
(515, 'Jaipur', 23, 1),
(516, 'Jaisalmer', 23, 1),
(517, 'Jalore', 23, 1),
(518, 'Jhalawar', 23, 1),
(519, 'Jhunjhunu', 23, 1),
(520, 'Jodhpur', 23, 1),
(521, 'Karauli', 23, 1),
(522, 'Kota', 23, 1),
(523, 'Nagaur', 23, 1),
(524, 'Pali', 23, 1),
(525, 'Pratapgarh', 23, 1),
(526, 'Rajsamand', 23, 1),
(527, 'Sawai Madhopur', 23, 1),
(528, 'Sikar', 23, 1),
(529, 'Sirohi', 23, 1),
(530, 'Sri Ganganagar', 23, 1),
(531, 'Tonk', 23, 1),
(532, 'Udaipur', 23, 1),
(533, 'East Sikkim', 24, 1),
(534, 'North Sikkim', 24, 1),
(535, 'South Sikkim', 24, 1),
(536, 'West Sikkim', 24, 1),
(537, 'Ariyalur', 25, 1),
(538, 'Chengalpattu', 25, 1),
(539, 'Chennai', 25, 1),
(540, 'Coimbatore', 25, 1),
(541, 'Cuddalore', 25, 1),
(542, 'Dharmapuri', 25, 1),
(543, 'Dindigul', 25, 1),
(544, 'Erode', 25, 1),
(545, 'Kallakurichi', 25, 1),
(546, 'Kanchipuram', 25, 1),
(547, 'Kanyakumari', 25, 1),
(548, 'Karur', 25, 1),
(549, 'Krishnagiri', 25, 1),
(550, 'Madurai', 25, 1),
(551, 'Nagapattinam', 25, 1),
(552, 'Namakkal', 25, 1),
(553, 'Nilgiris', 25, 1),
(554, 'Perambalur', 25, 1),
(555, 'Pudukkottai', 25, 1),
(556, 'Ramanathapuram', 25, 1),
(557, 'Ranipet', 25, 1),
(558, 'Salem', 25, 1),
(559, 'Sivaganga', 25, 1),
(560, 'Tenkasi', 25, 1),
(561, 'Thanjavur', 25, 1),
(562, 'Theni', 25, 1),
(563, 'Thoothukudi', 25, 1),
(564, 'Tiruchirappalli', 25, 1),
(565, 'Tirunelveli', 25, 1),
(566, 'Tirupattur', 25, 1),
(567, 'Tiruppur', 25, 1),
(568, 'Tiruvallur', 25, 1),
(569, 'Tiruvannamalai', 25, 1),
(570, 'Tiruvarur', 25, 1),
(571, 'Vellore', 25, 1),
(572, 'Viluppuram', 25, 1),
(573, 'Virudhunagar', 25, 1),
(574, 'Adilabad', 32, 1),
(575, 'Bhadradri Kothagudem', 32, 1),
(576, 'Hyderabad', 32, 1),
(577, 'Jagtial', 32, 1),
(578, 'Jangaon', 32, 1),
(579, 'Jayashankar', 32, 1),
(580, 'Jogulamba', 32, 1),
(581, 'Kamareddy', 32, 1),
(582, 'Karimnagar', 32, 1),
(583, 'Khammam', 32, 1),
(584, 'Komaram Bheem', 32, 1),
(585, 'Mahabubabad', 32, 1),
(586, 'Mahbubnagar', 32, 1),
(587, 'Mancherial', 32, 1),
(588, 'Medak', 32, 1),
(589, 'Medchal', 32, 1),
(590, 'Mulugu', 32, 1),
(591, 'Nagarkurnool', 32, 1),
(592, 'Nalgonda', 32, 1),
(593, 'Narayanpet', 32, 1),
(594, 'Nirmal', 32, 1),
(595, 'Nizamabad', 32, 1),
(596, 'Peddapalli', 32, 1),
(597, 'Rajanna Sircilla', 32, 1),
(598, 'Ranga Reddy', 32, 1),
(599, 'Sangareddy', 32, 1),
(600, 'Siddipet', 32, 1),
(601, 'Suryapet', 32, 1),
(602, 'Vikarabad', 32, 1),
(603, 'Wanaparthy', 32, 1),
(604, 'Warangal Rural', 32, 1),
(605, 'Warangal Urban', 32, 1),
(606, 'Yadadri Bhuvanagiri', 32, 1),
(607, 'Dhalai', 26, 1),
(608, 'Gomati', 26, 1),
(609, 'Khowai', 26, 1),
(610, 'North Tripura', 26, 1),
(611, 'Sepahijala', 26, 1),
(612, 'South Tripura', 26, 1),
(613, 'Unakoti', 26, 1),
(614, 'West Tripura', 26, 1),
(615, 'Agra', 28, 1),
(616, 'Aligarh', 28, 1),
(617, 'Ambedkar Nagar', 28, 1),
(618, 'Amethi', 28, 1),
(619, 'Amroha', 28, 1),
(620, 'Auraiya', 28, 1),
(621, 'Ayodhya', 28, 1),
(622, 'Azamgarh', 28, 1),
(623, 'Baghpat', 28, 1),
(624, 'Bahraich', 28, 1),
(625, 'Ballia', 28, 1),
(626, 'Balrampur', 28, 1),
(627, 'Banda', 28, 1),
(628, 'Barabanki', 28, 1),
(629, 'Bareilly', 28, 1),
(630, 'Basti', 28, 1),
(631, 'Bhadohi', 28, 1),
(632, 'Bijnor', 28, 1),
(633, 'Budaun', 28, 1),
(634, 'Bulandshahr', 28, 1),
(635, 'Chandauli', 28, 1),
(636, 'Chitrakoot', 28, 1),
(637, 'Deoria', 28, 1),
(638, 'Etah', 28, 1),
(639, 'Etawah', 28, 1),
(640, 'Farrukhabad', 28, 1),
(641, 'Fatehpur', 28, 1),
(642, 'Firozabad', 28, 1),
(643, 'Gautam Buddha Nagar', 28, 1),
(644, 'Ghaziabad', 28, 1),
(645, 'Ghazipur', 28, 1),
(646, 'Gonda', 28, 1),
(647, 'Gorakhpur', 28, 1),
(648, 'Hamirpur', 28, 1),
(649, 'Hapur', 28, 1),
(650, 'Hardoi', 28, 1),
(651, 'Hathras', 28, 1),
(652, 'Jalaun', 28, 1),
(653, 'Jaunpur', 28, 1),
(654, 'Jhansi', 28, 1),
(655, 'Kannauj', 28, 1),
(656, 'Kanpur Dehat', 28, 1),
(657, 'Kanpur Nagar', 28, 1),
(658, 'Kasganj', 28, 1),
(659, 'Kaushambi', 28, 1),
(660, 'Kheri', 28, 1),
(661, 'Kushinagar', 28, 1),
(662, 'Lalitpur', 28, 1),
(663, 'Lucknow', 28, 1),
(664, 'Maharajganj', 28, 1),
(665, 'Mahoba', 28, 1),
(666, 'Mainpuri', 28, 1),
(667, 'Mathura', 28, 1),
(668, 'Mau', 28, 1),
(669, 'Meerut', 28, 1),
(670, 'Mirzapur', 28, 1),
(671, 'Moradabad', 28, 1),
(672, 'Muzaffarnagar', 28, 1),
(673, 'Pilibhit', 28, 1),
(674, 'Pratapgarh', 28, 1),
(675, 'Prayagraj', 28, 1),
(676, 'Raebareli', 28, 1),
(677, 'Rampur', 28, 1),
(678, 'Saharanpur', 28, 1),
(679, 'Sambhal', 28, 1),
(680, 'Sant Kabir Nagar', 28, 1),
(681, 'Shahjahanpur', 28, 1),
(682, 'Shamli', 28, 1),
(683, 'Shravasti', 28, 1),
(684, 'Siddharthnagar', 28, 1),
(685, 'Sitapur', 28, 1),
(686, 'Sonbhadra', 28, 1),
(687, 'Sultanpur', 28, 1),
(688, 'Unnao', 28, 1),
(689, 'Varanasi', 28, 1),
(690, 'Almora', 27, 1),
(691, 'Bageshwar', 27, 1),
(692, 'Chamoli', 27, 1),
(693, 'Champawat', 27, 1),
(694, 'Dehradun', 27, 1),
(695, 'Haridwar', 27, 1),
(696, 'Nainital', 27, 1),
(697, 'Pauri', 27, 1),
(698, 'Pithoragarh', 27, 1),
(699, 'Rudraprayag', 27, 1),
(700, 'Tehri', 27, 1),
(701, 'Udham Singh Nagar', 27, 1),
(702, 'Uttarkashi', 27, 1),
(703, 'Alipurduar', 29, 1),
(704, 'Bankura', 29, 1),
(705, 'Birbhum', 29, 1),
(706, 'Cooch Behar', 29, 1),
(707, 'Dakshin Dinajpur', 29, 1),
(708, 'Darjeeling', 29, 1),
(709, 'Hooghly', 29, 1),
(710, 'Howrah', 29, 1),
(711, 'Jalpaiguri', 29, 1),
(712, 'Jhargram', 29, 1),
(713, 'Kalimpong', 29, 1),
(714, 'Kolkata', 29, 1),
(715, 'Malda', 29, 1),
(716, 'Murshidabad', 29, 1),
(717, 'Nadia', 29, 1),
(718, 'North 24 Parganas', 29, 1),
(719, 'Paschim Bardhaman', 29, 1),
(720, 'Paschim Medinipur', 29, 1),
(721, 'Purba Bardhaman', 29, 1),
(722, 'Purba Medinipur', 29, 1),
(723, 'Purulia', 29, 1),
(724, 'South 24 Parganas', 29, 1),
(725, 'Uttar Dinajpur', 29, 1);

-- --------------------------------------------------------

--
-- Table structure for table `enquiry`
--

CREATE TABLE `enquiry` (
  `en_id` int(11) NOT NULL,
  `en_studioname` varchar(255) NOT NULL,
  `en_mobile` varchar(200) NOT NULL,
  `en_state` int(11) NOT NULL,
  `en_description` text NOT NULL,
  `en_date` timestamp NOT NULL DEFAULT current_timestamp()
) ENGINE=InnoDB DEFAULT CHARSET=utf8mb4;

--
-- Dumping data for table `enquiry`
--

INSERT INTO `enquiry` (`en_id`, `en_studioname`, `en_mobile`, `en_state`, `en_description`, `en_date`) VALUES
(1, 'testing', '3333333333', 2, 'teting', '2021-06-20 16:15:15'),
(4, 'Paras', '6565654454', 8, 'Hello testing', '2021-07-04 14:37:49'),
(5, 'sdd', '5352353253', 5, 'sadsadsa', '2021-07-04 18:27:38'),
(6, 'aaa', '8786787686', 11, 'asdsadsad', '2021-07-04 18:27:53');

-- --------------------------------------------------------

--
-- Table structure for table `orders`
--

CREATE TABLE `orders` (
  `od_id` int(11) NOT NULL,
  `od_userid` int(11) DEFAULT 0,
  `od_number` varchar(50) DEFAULT '0',
  `od_foldername` varchar(255) DEFAULT NULL,
  `od_filecount` int(11) DEFAULT 0,
  `od_status` enum('initiated','pending','approve','downloaded','downloadapprove','hold','ccapprove','ccprogress','printing','postproduction','qcapprove','qchold','dispatchhold','dispatch','completed','canceled','hotpress','usercancel','correction','rework','correctioninitiated','correctionreceived','reworkbyclient') DEFAULT 'initiated',
  `od_payment_status` enum('pending','paid','credit','foc','completed') DEFAULT 'pending',
  `od_trackingdetail` varchar(255) DEFAULT NULL,
  `od_type` varchar(20) DEFAULT 'CMYK',
  `od_formdetail` text DEFAULT NULL,
  `od_invoiceno` varchar(255) DEFAULT '',
  `od_paymentdate` timestamp NULL DEFAULT NULL,
  `od_note` text DEFAULT NULL,
  `od_qcnote` text DEFAULT NULL,
  `od_date` timestamp NOT NULL DEFAULT current_timestamp(),
  `od_tatdate` timestamp NULL DEFAULT NULL
) ENGINE=InnoDB DEFAULT CHARSET=utf8mb4;

--
-- Dumping data for table `orders`
--

INSERT INTO `orders` (`od_id`, `od_userid`, `od_number`, `od_foldername`, `od_filecount`, `od_status`, `od_payment_status`, `od_trackingdetail`, `od_type`, `od_formdetail`, `od_invoiceno`, `od_paymentdate`, `od_note`, `od_qcnote`, `od_date`, `od_tatdate`) VALUES
(1, 1, 'R-21-09-0001', NULL, 1, 'pending', 'pending', NULL, 'RGB', '{\"order_size\":\"2323\",\"no_sheet\":\"3333\",\"paper_type\":\"Silk\",\"paper_note\":\"\",\"album_type\":\"cake\",\"interleaf\":\"no\",\"wrapper_type\":\"\",\"wrapper_designcode\":\"\",\"wrapper_colorcode\":\"\",\"name_detail\":\"\",\"ealbum\":\"yes\",\"ealbum_studioname\":\"Genie\",\"email\":\"\",\"event_name\":\"\",\"shipping_address\":\"703, Spaces reality above brand factoy, Mira Bhyandar road Mira road east, Pin 401107 \",\"shipping_pincode\":\"400056\",\"shipping_phone\":\"09898989898\",\"notes\":\"asd\",\"customer_studio\":\"Genie\",\"partner_type\":\"Channel partner\",\"channel_partner\":null,\"billing_address\":\"sads\",\"mobile\":\"9819941589\",\"order_type\":\"RGB\",\"executive_name\":\"sales\"}', '', NULL, NULL, NULL, '2021-09-09 12:12:39', NULL),
(2, 1, 'R-21-09-0002', NULL, 1, 'pending', 'pending', NULL, 'RGB', '{\"order_size\":\"2323\",\"no_sheet\":\"3333\",\"paper_type\":\"Silk\",\"paper_note\":\"\",\"album_type\":\"cake\",\"interleaf\":\"no\",\"wrapper_type\":\"\",\"wrapper_designcode\":\"\",\"wrapper_colorcode\":\"\",\"name_detail\":\"\",\"ealbum\":\"yes\",\"ealbum_studioname\":\"Genie\",\"email\":\"\",\"event_name\":\"\",\"shipping_address\":\"703, Spaces reality above brand factoy, Mira Bhyandar road Mira road east, Pin 401107 \",\"shipping_pincode\":\"400056\",\"shipping_phone\":\"09898989898\",\"notes\":\"asd\",\"customer_studio\":\"Genie\",\"partner_type\":\"Channel partner\",\"channel_partner\":null,\"billing_address\":\"sads\",\"mobile\":\"9819941589\",\"order_type\":\"RGB\",\"executive_name\":\"sales\"}', '', NULL, NULL, NULL, '2021-09-09 12:13:32', NULL),
(3, 1, 'R-21-09-0003', 'third', 1, 'pending', 'pending', NULL, 'RGB', '{\"order_size\":\"2323\",\"no_sheet\":\"3333\",\"paper_type\":\"Silk\",\"paper_note\":\"\",\"album_type\":\"cake\",\"interleaf\":\"no\",\"wrapper_type\":\"\",\"wrapper_designcode\":\"\",\"wrapper_colorcode\":\"\",\"name_detail\":\"\",\"ealbum\":\"yes\",\"ealbum_studioname\":\"Genie\",\"email\":\"\",\"event_name\":\"\",\"shipping_address\":\"703, Spaces reality above brand factoy, Mira Bhyandar road Mira road east, Pin 401107 \",\"shipping_pincode\":\"400056\",\"shipping_phone\":\"09898989898\",\"notes\":\"asd\",\"customer_studio\":\"Genie\",\"partner_type\":\"Channel partner\",\"channel_partner\":null,\"billing_address\":\"sads\",\"mobile\":\"9819941589\",\"order_type\":\"RGB\",\"executive_name\":\"sales\"}', '', NULL, NULL, NULL, '2021-09-09 12:18:12', NULL),
(4, 1, 'R-21-09-0004', 'folder2', 4, 'pending', 'pending', NULL, 'RGB', '{\"order_size\":\"2323\",\"no_sheet\":\"3333\",\"paper_type\":\"Silk\",\"paper_note\":\"\",\"album_type\":\"cake\",\"interleaf\":\"no\",\"wrapper_type\":\"\",\"wrapper_designcode\":\"\",\"wrapper_colorcode\":\"\",\"name_detail\":\"\",\"ealbum\":\"yes\",\"ealbum_studioname\":\"Genie\",\"email\":\"\",\"event_name\":\"\",\"shipping_address\":\"703, Spaces reality above brand factoy, Mira Bhyandar road Mira road east, Pin 401107 \",\"shipping_pincode\":\"400056\",\"shipping_phone\":\"09898989898\",\"notes\":\"asd\",\"customer_studio\":\"Genie\",\"partner_type\":\"Channel partner\",\"channel_partner\":null,\"billing_address\":\"sads\",\"mobile\":\"9819941589\",\"order_type\":\"RGB\",\"executive_name\":\"sales\"}', '', NULL, NULL, NULL, '2021-09-09 12:19:22', NULL),
(5, 1, 'R-21-09-0005', 'front', 3, 'pending', 'pending', NULL, 'RGB', '{\"order_size\":\"2323\",\"no_sheet\":\"3333\",\"paper_type\":\"Silk\",\"paper_note\":\"\",\"album_type\":\"cake\",\"interleaf\":\"no\",\"wrapper_type\":\"\",\"wrapper_designcode\":\"\",\"wrapper_colorcode\":\"\",\"name_detail\":\"\",\"ealbum\":\"yes\",\"ealbum_studioname\":\"Genie\",\"email\":\"\",\"event_name\":\"\",\"shipping_address\":\"703, Spaces reality above brand factoy, Mira Bhyandar road Mira road east, Pin 401107 \",\"shipping_pincode\":\"400056\",\"shipping_phone\":\"09898989898\",\"notes\":\"asd\",\"customer_studio\":\"Genie\",\"partner_type\":\"Channel partner\",\"channel_partner\":null,\"billing_address\":\"sads\",\"mobile\":\"9819941589\",\"order_type\":\"RGB\",\"executive_name\":\"sales\"}', '', NULL, NULL, NULL, '2021-09-09 12:19:22', NULL),
(6, 1, 'R-21-09-0006', 'ass', 1, 'pending', 'pending', NULL, 'RGB', '{\"order_size\":\"2323\",\"no_sheet\":\"3333\",\"paper_type\":\"Silk\",\"paper_note\":\"\",\"album_type\":\"cake\",\"interleaf\":\"no\",\"wrapper_type\":\"\",\"wrapper_designcode\":\"\",\"wrapper_colorcode\":\"\",\"name_detail\":\"\",\"ealbum\":\"yes\",\"ealbum_studioname\":\"Genie\",\"email\":\"\",\"event_name\":\"\",\"shipping_address\":\"703, Spaces reality above brand factoy, Mira Bhyandar road Mira road east, Pin 401107 \",\"shipping_pincode\":\"400056\",\"shipping_phone\":\"09898989898\",\"notes\":\"asd\",\"customer_studio\":\"Genie\",\"partner_type\":\"Channel partner\",\"channel_partner\":null,\"billing_address\":\"sads\",\"mobile\":\"9819941589\",\"order_type\":\"RGB\",\"executive_name\":\"sales\"}', '', NULL, NULL, NULL, '2021-09-09 12:19:23', NULL),
(7, 1, 'R-21-09-0007', 'third', 1, 'pending', 'pending', NULL, 'RGB', '{\"order_size\":\"2323\",\"no_sheet\":\"3333\",\"paper_type\":\"Silk\",\"paper_note\":\"\",\"album_type\":\"cake\",\"interleaf\":\"no\",\"wrapper_type\":\"\",\"wrapper_designcode\":\"\",\"wrapper_colorcode\":\"\",\"name_detail\":\"\",\"ealbum\":\"yes\",\"ealbum_studioname\":\"Genie\",\"email\":\"\",\"event_name\":\"\",\"shipping_address\":\"703, Spaces reality above brand factoy, Mira Bhyandar road Mira road east, Pin 401107 \",\"shipping_pincode\":\"400056\",\"shipping_phone\":\"09898989898\",\"notes\":\"asd\",\"customer_studio\":\"Genie\",\"partner_type\":\"Channel partner\",\"channel_partner\":null,\"billing_address\":\"sads\",\"mobile\":\"9819941589\",\"order_type\":\"RGB\",\"executive_name\":\"sales\"}', '', NULL, NULL, NULL, '2021-09-09 12:19:23', NULL),
(8, 1, 'R-21-09-0008', 'back', 4, 'pending', 'pending', NULL, 'RGB', '{\"customer_studio\":\"First Name\",\"partner_type\":\"Dulce\",\"channel_partner\":\"Mara\",\"billing_address\":\"Philip\",\"mobile\":\"Kathleen\",\"order_type\":\"Nereida\",\"order_size\":\"Gaston\",\"no_sheet\":\"Etta\",\"paper_type\":\"Earlean\",\"paper_note\":\"Vincenza\",\"album_type\":\"\",\"interleaf\":\"\",\"wrapper_type\":\"\",\"wrapper_designcode\":\"\",\"wrapper_colorcode\":\"\",\"name_detail\":\"\",\"ealbum\":\"\",\"ealbum_studioname\":\"\",\"email\":\"\",\"event_name\":\"\",\"shipping_address\":\"\",\"shipping_pincode\":\"\",\"shipping_phone\":\"\",\"notes\":\"\",\"executive_name\":\"\"}', '', NULL, NULL, NULL, '2021-09-09 12:19:23', NULL),
(9, 1, 'R-21-09-0009', 'signlefolder', 1, 'pending', 'pending', NULL, 'RGB', '{\"order_size\":\"2323\",\"no_sheet\":\"3333\",\"paper_type\":\"Silk\",\"paper_note\":\"\",\"album_type\":\"cake\",\"interleaf\":\"no\",\"wrapper_type\":\"\",\"wrapper_designcode\":\"\",\"wrapper_colorcode\":\"\",\"name_detail\":\"\",\"ealbum\":\"yes\",\"ealbum_studioname\":\"Genie\",\"email\":\"\",\"event_name\":\"\",\"shipping_address\":\"703, Spaces reality above brand factoy, Mira Bhyandar road Mira road east, Pin 401107 \",\"shipping_pincode\":\"400056\",\"shipping_phone\":\"09898989898\",\"notes\":\"asd\",\"customer_studio\":\"Genie\",\"partner_type\":\"Channel partner\",\"channel_partner\":null,\"billing_address\":\"sads\",\"mobile\":\"9819941589\",\"order_type\":\"RGB\",\"executive_name\":\"sales\"}', '', NULL, NULL, NULL, '2021-09-10 13:00:39', NULL),
(10, 1, 'R-21-09-0010', 'signlefolder', 1, 'pending', 'pending', NULL, 'RGB', '{\"order_size\":\"2323\",\"no_sheet\":\"3333\",\"paper_type\":\"Silk\",\"paper_note\":\"\",\"album_type\":\"cake\",\"interleaf\":\"no\",\"wrapper_type\":\"\",\"wrapper_designcode\":\"\",\"wrapper_colorcode\":\"\",\"name_detail\":\"\",\"ealbum\":\"yes\",\"ealbum_studioname\":\"Genie\",\"email\":\"\",\"event_name\":\"\",\"shipping_address\":\"703, Spaces reality above brand factoy, Mira Bhyandar road Mira road east, Pin 401107 \",\"shipping_pincode\":\"400056\",\"shipping_phone\":\"09898989898\",\"notes\":\"asd\",\"customer_studio\":\"Genie\",\"partner_type\":\"Channel partner\",\"channel_partner\":null,\"billing_address\":\"sads\",\"mobile\":\"9819941589\",\"order_type\":\"RGB\",\"executive_name\":\"sales\"}', '', NULL, NULL, NULL, '2021-09-10 13:02:58', NULL),
(11, 1, 'R-21-09-0011', 'signlefolder', 1, 'pending', 'pending', NULL, 'RGB', '{\"order_size\":\"2323\",\"no_sheet\":\"3333\",\"paper_type\":\"Silk\",\"paper_note\":\"\",\"album_type\":\"cake\",\"interleaf\":\"no\",\"wrapper_type\":\"\",\"wrapper_designcode\":\"\",\"wrapper_colorcode\":\"\",\"name_detail\":\"\",\"ealbum\":\"yes\",\"ealbum_studioname\":\"Genie\",\"email\":\"\",\"event_name\":\"\",\"shipping_address\":\"703, Spaces reality above brand factoy, Mira Bhyandar road Mira road east, Pin 401107 \",\"shipping_pincode\":\"400056\",\"shipping_phone\":\"09898989898\",\"notes\":\"asd\",\"customer_studio\":\"Genie\",\"partner_type\":\"Channel partner\",\"channel_partner\":null,\"billing_address\":\"sads\",\"mobile\":\"9819941589\",\"order_type\":\"RGB\",\"executive_name\":\"sales\"}', '', NULL, NULL, NULL, '2021-09-10 14:12:46', NULL),
(12, 1, 'R-21-09-0012', 'signlefolder', 1, 'pending', 'pending', NULL, 'RGB', '{\"customer_studio\":\"Genie\",\"partner_type\":\"Channel partner\",\"channel_partner\":null,\"billing_address\":\"sads\",\"mobile\":\"9819941589\",\"order_type\":\"RGB\",\"executive_name\":\"sales\"}', '', NULL, NULL, NULL, '2021-09-15 03:26:46', NULL),
(13, 2, 'R-21-09-0013', 'signlefolder', 1, 'pending', 'pending', NULL, 'RGB', '{\"customer_studio\":\"Genie\",\"partner_type\":\"Channel partner\",\"channel_partner\":null,\"billing_address\":\"sads\",\"mobile\":\"9819941589\",\"order_type\":\"RGB\",\"executive_name\":\"sales\"}', '', NULL, NULL, NULL, '2021-09-15 03:33:54', NULL),
(14, 2, 'R-21-09-0014', 'signlefolder', 1, 'initiated', 'pending', NULL, 'RGB', '{\"customer_studio\":\"Genie\",\"partner_type\":\"Channel partner\",\"channel_partner\":\"Subedar\",\"billing_address\":\"sads\",\"mobile\":\"9819941589\",\"order_type\":\"RGB\",\"executive_name\":\"sales\"}', '', NULL, NULL, NULL, '2021-09-15 03:37:57', NULL),
(15, 1, 'R-21-09-0015', 'signlefolder', 5, 'downloaded', 'pending', NULL, 'RGB', '{\"customer_studio\":\"Genie\",\"partner_type\":\"Channel partner\",\"channel_partner\":\"Subedar\",\"billing_address\":\"sads\",\"mobile\":\"9819941589\",\"order_type\":\"RGB\",\"executive_name\":\"sales\"}', '', NULL, 'please send more files', NULL, '2021-09-28 02:32:05', NULL),
(16, 1, 'U-21-09-0001', 'signlefolder', 1, 'downloaded', 'pending', NULL, 'undefined', '{\"customer_studio\":\"Genie\",\"partner_type\":\"Channel partner\",\"channel_partner\":\"Subedar\",\"billing_address\":\"sads\",\"mobile\":\"9819941589\",\"order_type\":\"undefined\",\"executive_name\":\"sales\"}', '', NULL, NULL, NULL, '2021-09-28 03:12:00', NULL),
(17, 1, 'U-21-09-0002', 'signlefolder', 2, 'pending', 'pending', NULL, 'undefined', '{\"customer_studio\":\"Genie\",\"partner_type\":\"Channel partner\",\"channel_partner\":\"Subedar\",\"billing_address\":\"sads\",\"mobile\":\"9819941589\",\"order_type\":\"undefined\",\"executive_name\":\"sales\"}', '', NULL, NULL, NULL, '2021-09-28 03:13:11', NULL),
(18, 1, 'U-21-09-0003', 'signlefolder', 1, 'pending', 'pending', NULL, 'undefined', '{\"customer_studio\":\"Genie\",\"partner_type\":\"Channel partner\",\"channel_partner\":\"Subedar\",\"billing_address\":\"sads\",\"mobile\":\"9819941589\",\"order_type\":\"undefined\",\"executive_name\":\"sales\"}', '', NULL, NULL, NULL, '2021-09-28 03:14:03', NULL),
(19, 1, 'U-21-09-0004', 'signlefolder', 1, 'pending', 'pending', NULL, 'undefined', '{\"customer_studio\":\"Genie\",\"partner_type\":\"Channel partner\",\"channel_partner\":\"Subedar\",\"billing_address\":\"sads\",\"mobile\":\"9819941589\",\"order_type\":\"undefined\",\"executive_name\":\"sales\"}', '', NULL, NULL, NULL, '2021-09-28 03:14:23', NULL),
(20, 1, 'U-21-09-0005', 'signlefolder', 0, 'downloadapprove', 'pending', NULL, 'undefined', '{\"customer_studio\":\"Genie\",\"partner_type\":\"Channel partner\",\"channel_partner\":\"Subedar\",\"billing_address\":\"sads\",\"mobile\":\"9819941589\",\"order_type\":\"undefined\",\"executive_name\":\"sales\"}', '', NULL, NULL, NULL, '2021-09-28 03:26:04', NULL),
(21, 1, 'U-21-09-0006', 'signlefolder', 0, 'downloadapprove', 'pending', NULL, 'undefined', '{\"customer_studio\":\"Genie\",\"partner_type\":\"Channel partner\",\"channel_partner\":\"Subedar\",\"billing_address\":\"sads\",\"mobile\":\"9819941589\",\"order_type\":\"undefined\",\"executive_name\":\"sales\"}', '', NULL, NULL, NULL, '2021-09-28 03:27:46', NULL),
(22, 1, 'R-21-09-0015R', 'signlefolder', 3, 'pending', '', NULL, 'RGB', '{\"customer_studio\":\"Genie\",\"partner_type\":\"Channel partner\",\"channel_partner\":\"Subedar\",\"billing_address\":\"sads\",\"mobile\":\"9819941589\",\"order_type\":\"RGB\",\"executive_name\":\"sales\"}', '', NULL, NULL, NULL, '2021-10-01 03:43:44', NULL),
(23, 1, 'R-21-10-0001', 'signlefolder', 1, 'approve', 'pending', NULL, 'RGB', '{\"customer_studio\":\"Genie\",\"partner_type\":\"Channel partner\",\"channel_partner\":\"Subedar\",\"billing_address\":\"sads\",\"mobile\":\"9819941589\",\"order_type\":\"RGB\",\"executive_name\":\"sales\"}', '', NULL, NULL, NULL, '2021-10-02 03:30:01', NULL),
(25, 1, 'R-21-10-0001R', 'signlefolder', 1, 'approve', 'pending', NULL, 'RGB', '{\"customer_studio\":\"Genie\",\"partner_type\":\"Channel partner\",\"channel_partner\":\"Subedar\",\"billing_address\":\"sads\",\"mobile\":\"9819941589\",\"order_type\":\"RGB\",\"executive_name\":\"sales\"}', '', NULL, NULL, NULL, '2021-10-02 03:32:34', NULL),
(26, 1, 'R-21-10-0000001S', 'signlefolder', 1, 'pending', 'pending', NULL, 'RGB', '{\"customer_studio\":\"Genie\",\"partner_type\":\"Channel partner\",\"channel_partner\":\"Subedar\",\"billing_address\":\"sads\",\"mobile\":\"9819941589\",\"order_type\":\"RGB\",\"executive_name\":\"sales\"}', '', NULL, NULL, NULL, '2021-10-02 03:37:31', NULL),
(27, 1, 'R-21-10-0000000001T', 'signlefolder', 1, 'pending', 'pending', NULL, 'RGB', '{\"customer_studio\":\"Genie\",\"partner_type\":\"Channel partner\",\"channel_partner\":\"Subedar\",\"billing_address\":\"sads\",\"mobile\":\"9819941589\",\"order_type\":\"RGB\",\"executive_name\":\"sales\"}', '', NULL, NULL, NULL, '2021-10-02 03:38:20', NULL),
(28, 1, 'R-21-10-0000000000001U', 'signlefolder', 1, 'pending', 'pending', NULL, 'RGB', '{\"customer_studio\":\"Genie\",\"partner_type\":\"Channel partner\",\"channel_partner\":\"Subedar\",\"billing_address\":\"sads\",\"mobile\":\"9819941589\",\"order_type\":\"RGB\",\"executive_name\":\"sales\"}', '', NULL, NULL, NULL, '2021-10-02 03:42:54', NULL),
(29, 1, 'R-21-10-0000000000000001V', 'signlefolder', 1, 'pending', 'pending', NULL, 'RGB', '{\"customer_studio\":\"Genie\",\"partner_type\":\"Channel partner\",\"channel_partner\":\"Subedar\",\"billing_address\":\"sads\",\"mobile\":\"9819941589\",\"order_type\":\"RGB\",\"executive_name\":\"sales\"}', '', NULL, NULL, NULL, '2021-10-02 03:43:13', NULL),
(30, 1, 'R-21-10-0007', 'signlefolder', 1, 'pending', 'pending', NULL, 'RGB', '{\"customer_studio\":\"Genie\",\"partner_type\":\"Channel partner\",\"channel_partner\":\"Subedar\",\"billing_address\":\"sads\",\"mobile\":\"9819941589\",\"order_type\":\"RGB\",\"executive_name\":\"sales\"}', '', NULL, NULL, NULL, '2021-10-02 03:52:32', NULL),
(31, 1, 'R-21-10-0007R', 'signlefolder', 1, 'pending', 'pending', NULL, 'RGB', '{\"customer_studio\":\"Genie\",\"partner_type\":\"Channel partner\",\"channel_partner\":\"Subedar\",\"billing_address\":\"sads\",\"mobile\":\"9819941589\",\"order_type\":\"RGB\",\"executive_name\":\"sales\"}', '', NULL, NULL, NULL, '2021-10-02 03:52:59', NULL),
(32, 1, 'R-21-10-0009', 'signlefolder', 1, 'rework', 'pending', NULL, 'RGB', '{\"customer_studio\":\"Genie\",\"partner_type\":\"Channel partner\",\"channel_partner\":\"Subedar\",\"billing_address\":\"sads\",\"mobile\":\"9819941589\",\"order_type\":\"RGB\",\"executive_name\":\"sales\"}', '', NULL, NULL, NULL, '2021-10-02 03:53:14', NULL),
(33, 1, 'R-21-10-0009R', 'signlefolder', 2, 'correctionreceived', 'pending', NULL, 'RGB', '{\"customer_studio\":\"Genie\",\"partner_type\":\"Channel partner\",\"channel_partner\":\"Subedar\",\"billing_address\":\"sads\",\"mobile\":\"9819941589\",\"order_type\":\"RGB\",\"executive_name\":\"sales\"}', '', NULL, NULL, NULL, '2021-10-02 03:57:28', NULL),
(34, 1, 'R-21-10-0009RR', 'signlefolder', 2, 'pending', 'pending', NULL, 'RGB', '{\"customer_studio\":\"Genie\",\"partner_type\":\"Channel partner\",\"channel_partner\":\"Subedar\",\"billing_address\":\"sads\",\"mobile\":\"9819941589\",\"order_type\":\"RGB\",\"executive_name\":\"sales\"}', '', NULL, NULL, NULL, '2021-10-02 04:14:32', NULL),
(35, 1, 'R-21-10-0009RRR', 'signlefolder', 1, 'pending', 'pending', NULL, 'RGB', '{\"customer_studio\":\"Genie\",\"partner_type\":\"Channel partner\",\"channel_partner\":\"Subedar\",\"billing_address\":\"sads\",\"mobile\":\"9819941589\",\"order_type\":\"RGB\",\"executive_name\":\"sales\"}', '', NULL, NULL, NULL, '2021-10-02 04:17:47', NULL),
(36, 1, 'R-21-09-0015R', 'signlefolder', 0, 'rework', 'pending', NULL, 'RGB', '{\"customer_studio\":\"Genie\",\"partner_type\":\"Channel partner\",\"channel_partner\":\"Subedar\",\"billing_address\":\"sads\",\"mobile\":\"9819941589\",\"order_type\":\"RGB\",\"executive_name\":\"sales\"}', '', NULL, NULL, NULL, '2021-10-02 05:35:28', NULL),
(37, 1, 'R-21-10-0013C', 'signlefolder', 2, 'correction', 'pending', NULL, 'RGB', '{\"customer_studio\":\"Genie\",\"partner_type\":\"Channel partner\",\"channel_partner\":\"Subedar\",\"billing_address\":\"sads\",\"mobile\":\"9819941589\",\"order_type\":\"RGB\",\"executive_name\":\"sales\"}', '', NULL, NULL, 'R-21-10-0013C', '2021-10-10 09:00:25', NULL),
(38, 1, 'R-21-10-0013CR', 'signlefolder', 1, 'rework', 'pending', NULL, 'RGB', '{\"customer_studio\":\"Genie\",\"partner_type\":\"Channel partner\",\"channel_partner\":\"Subedar\",\"billing_address\":\"sads\",\"mobile\":\"9819941589\",\"order_type\":\"RGB\",\"executive_name\":\"sales\"}', '', NULL, NULL, NULL, '2021-10-10 10:50:49', NULL),
(39, 1, 'R-21-10-0013CRR', 'signlefolder', 0, 'rework', 'pending', NULL, 'RGB', '{\"customer_studio\":\"Genie\",\"partner_type\":\"Channel partner\",\"channel_partner\":\"Subedar\",\"billing_address\":\"sads\",\"mobile\":\"9819941589\",\"order_type\":\"RGB\",\"executive_name\":\"sales\"}', '', NULL, NULL, NULL, '2021-10-10 11:45:44', NULL),
(40, 1, 'R-21-10-0009R', 'signlefolder', 0, 'rework', 'pending', NULL, 'RGB', '{\"customer_studio\":\"Genie\",\"partner_type\":\"Channel partner\",\"channel_partner\":\"Subedar\",\"billing_address\":\"sads\",\"mobile\":\"9819941589\",\"order_type\":\"RGB\",\"executive_name\":\"sales\"}', '', NULL, NULL, NULL, '2021-10-10 11:46:20', NULL),
(41, 1, 'R-21-10-0009RR', 'signlefolder', 0, 'rework', 'pending', NULL, 'RGB', '{\"customer_studio\":\"Genie\",\"partner_type\":\"Channel partner\",\"channel_partner\":\"Subedar\",\"billing_address\":\"sads\",\"mobile\":\"9819941589\",\"order_type\":\"RGB\",\"executive_name\":\"sales\"}', '', NULL, NULL, NULL, '2021-10-10 11:46:58', NULL),
(42, 1, 'R-21-10-0018', 'signlefolder', 1, 'reworkbyclient', 'pending', NULL, 'RGB', '{\"customer_studio\":\"Genie\",\"partner_type\":\"Channel partner\",\"channel_partner\":\"Subedar\",\"billing_address\":\"sads\",\"mobile\":\"9819941589\",\"order_type\":\"RGB\",\"executive_name\":\"sales\"}', '', NULL, NULL, NULL, '2021-10-10 11:55:24', NULL),
(43, 1, 'R-21-10-0018R', 'signlefolder', 1, 'pending', 'pending', NULL, 'RGB', '{\"customer_studio\":\"Genie\",\"partner_type\":\"Channel partner\",\"channel_partner\":\"Subedar\",\"billing_address\":\"sads\",\"mobile\":\"9819941589\",\"order_type\":\"RGB\",\"executive_name\":\"sales\"}', '', NULL, NULL, NULL, '2021-10-10 12:01:04', NULL),
(44, 1, 'R-21-10-0020', 'signlefolder', 1, 'pending', 'pending', NULL, 'RGB', '{\"order_size\":\"34\",\"no_sheet\":\"3\",\"paper_type\":\"Luster\",\"paper_note\":\"\",\"album_type\":\"cake\",\"interleaf\":\"no\",\"wrapper_type\":\"\",\"wrapper_designcode\":\"\",\"wrapper_colorcode\":\"\",\"name_detail\":\"\",\"ealbum\":\"no\",\"doublealbum\":\"yes\",\"tabletopcalender\":\"yes\",\"mini_book\":\"yes\",\"playing_cards\":\"yes\",\"wall_calender\":\"yes\",\"printed_pendrive\":\"yes\",\"ealbum_studioname\":\"Genie\",\"email\":\"\",\"event_name\":\"\",\"shipping_address\":\"sads\",\"shipping_pincode\":\"401209\",\"shipping_phone\":\"9819941589\",\"notes\":\"test\",\"customer_studio\":\"Genie\",\"partner_type\":\"Channel partner\",\"channel_partner\":\"Subedar\",\"billing_address\":\"sads\",\"mobile\":\"9819941589\",\"order_type\":\"RGB\",\"executive_name\":\"sales\"}', '', NULL, NULL, NULL, '2021-10-23 12:20:26', NULL),
(45, 1, 'R-21-10-0021', 'signlefolder', 1, 'pending', 'pending', NULL, 'RGB', '{\"order_size\":\"34\",\"no_sheet\":\"3\",\"paper_type\":\"Luster\",\"paper_note\":\"\",\"album_type\":\"print\",\"interleaf\":\"no\",\"wrapper_type\":\"\",\"wrapper_designcode\":\"\",\"wrapper_colorcode\":\"\",\"name_detail\":\"\",\"ealbum\":\"no\",\"doublealbum\":\"yes\",\"tabletopcalender\":\"yes\",\"mini_book\":\"yes\",\"playing_cards\":\"yes\",\"wall_calender\":\"yes\",\"printed_pendrive\":\"yes\",\"ealbum_studioname\":\"Genie\",\"email\":\"\",\"event_name\":\"\",\"shipping_address\":\"sads\",\"shipping_pincode\":\"401209\",\"shipping_phone\":\"9819941589\",\"notes\":\"test\",\"customer_studio\":\"Genie\",\"partner_type\":\"Channel partner\",\"channel_partner\":\"Subedar\",\"billing_address\":\"sads\",\"mobile\":\"9819941589\",\"order_type\":\"RGB\",\"executive_name\":\"sales\"}', '', NULL, NULL, NULL, '2021-10-23 12:38:46', NULL),
(46, 1, 'R-21-10-0022', 'signlefolder', 1, 'pending', 'pending', NULL, 'RGB', '{\"order_size\":\"34\",\"no_sheet\":\"3\",\"paper_type\":\"Luster\",\"paper_note\":\"\",\"album_type\":\"cake\",\"interleaf\":\"no\",\"wrapper_type\":\"\",\"wrapper_designcode\":\"\",\"wrapper_colorcode\":\"\",\"name_detail\":\"\",\"ealbum\":\"no\",\"ealbum_studioname\":\"Genie\",\"email\":\"\",\"event_name\":\"\",\"shipping_address\":\"sads\",\"shipping_pincode\":\"401209\",\"shipping_phone\":\"9819941589\",\"notes\":\"test\",\"customer_studio\":\"Genie\",\"partner_type\":\"Channel partner\",\"channel_partner\":\"Subedar\",\"billing_address\":\"sads\",\"mobile\":\"9819941589\",\"order_type\":\"RGB\",\"executive_name\":\"sales\"}', '', NULL, NULL, NULL, '2021-10-23 12:45:06', NULL),
(47, 1, 'R-21-11-0001', 'signlefolder', 1, 'pending', 'pending', NULL, 'RGB', '{\"order_size\":\"34\",\"no_sheet\":\"3\",\"paper_type\":\"Luster\",\"paper_note\":\"\",\"album_type\":\"cake\",\"interleaf\":\"no\",\"wrapper_type\":\"\",\"wrapper_designcode\":\"\",\"wrapper_colorcode\":\"\",\"name_detail\":\"\",\"ealbum\":\"no\",\"ealbum_studioname\":\"Genie\",\"email\":\"\",\"event_name\":\"\",\"shipping_address\":\"sads\",\"shipping_pincode\":\"401209\",\"shipping_phone\":\"9819941589\",\"notes\":\"test\",\"customer_studio\":\"Genie\",\"partner_type\":\"Channel partner\",\"channel_partner\":\"Subedar\",\"billing_address\":\"sads\",\"mobile\":\"9819941589\",\"order_type\":\"RGB\",\"executive_name\":\"sales\"}', '', NULL, NULL, NULL, '2021-11-05 10:40:22', NULL),
(48, 1, 'R-21-11-0002', 'signlefolder', 1, 'usercancel', 'pending', NULL, 'RGB', '{\"order_size\":\"34\",\"no_sheet\":\"3\",\"paper_type\":\"Luster\",\"paper_note\":\"\",\"album_type\":\"cake\",\"interleaf\":\"no\",\"wrapper_type\":\"\",\"wrapper_designcode\":\"\",\"wrapper_colorcode\":\"\",\"name_detail\":\"\",\"ealbum\":\"no\",\"ealbum_studioname\":\"Genie\",\"email\":\"\",\"event_name\":\"\",\"shipping_address\":\"sads\",\"shipping_pincode\":\"401209\",\"shipping_phone\":\"9819941589\",\"notes\":\"test\",\"customer_studio\":\"Genie\",\"partner_type\":\"Channel partner\",\"channel_partner\":\"Subedar\",\"billing_address\":\"sads\",\"mobile\":\"9819941589\",\"order_type\":\"RGB\",\"executive_name\":\"sales\"}', '', NULL, NULL, NULL, '2021-11-05 10:40:41', NULL),
(49, 1, 'C-21-11-0001', 'signlefolder', 1, 'usercancel', 'pending', NULL, 'CMYK', '{\"order_size\":\"34\",\"no_sheet\":\"3\",\"paper_type\":\"Luster\",\"paper_note\":\"\",\"album_type\":\"cake\",\"interleaf\":\"no\",\"wrapper_type\":\"\",\"wrapper_designcode\":\"\",\"wrapper_colorcode\":\"\",\"name_detail\":\"\",\"ealbum\":\"no\",\"ealbum_studioname\":\"Genie\",\"email\":\"\",\"event_name\":\"\",\"shipping_address\":\"sads\",\"shipping_pincode\":\"401209\",\"shipping_phone\":\"9819941589\",\"notes\":\"test\",\"customer_studio\":\"Genie\",\"partner_type\":\"Channel partner\",\"channel_partner\":\"Subedar\",\"billing_address\":\"sads\",\"mobile\":\"9819941589\",\"order_type\":\"CMYK\",\"executive_name\":\"sales\"}', '', NULL, NULL, NULL, '2021-11-05 10:51:10', NULL);

-- --------------------------------------------------------

--
-- Table structure for table `orders_products`
--

CREATE TABLE `orders_products` (
  `op_id` int(11) NOT NULL,
  `op_orderid` int(11) NOT NULL,
  `op_ordernumber` varchar(200) DEFAULT NULL,
  `op_filename` varchar(255) DEFAULT NULL,
  `op_originalname` text DEFAULT NULL,
  `op_filenameclear` varchar(255) DEFAULT NULL,
  `op_isform` varchar(20) DEFAULT '',
  `op_correction` enum('0','1') DEFAULT '0',
  `op_date` timestamp NOT NULL DEFAULT current_timestamp()
) ENGINE=InnoDB DEFAULT CHARSET=utf8mb4;

--
-- Dumping data for table `orders_products`
--

INSERT INTO `orders_products` (`op_id`, `op_orderid`, `op_ordernumber`, `op_filename`, `op_originalname`, `op_filenameclear`, `op_isform`, `op_correction`, `op_date`) VALUES
(1, 1, 'R-21-09-0001', 'R-21-09-0001_form.xlsx', NULL, NULL, '1', '0', '2021-09-09 12:12:39'),
(2, 1, 'R-21-09-0001', 'random-avatar4.jpg', 'random-avatar4.jpg', 'random-avatar4.jpg', '', '0', '2021-09-09 12:12:39'),
(3, 2, 'R-21-09-0002', 'R-21-09-0002_form.xlsx', NULL, NULL, '1', '0', '2021-09-09 12:13:32'),
(4, 2, 'R-21-09-0002', 'profile_photo.jpg', 'profile_photo.jpg', 'profilephoto.jpg', '', '0', '2021-09-09 12:13:32'),
(5, 3, 'R-21-09-0003', 'R-21-09-0003_form.xlsx', NULL, NULL, '1', '0', '2021-09-09 12:18:12'),
(6, 3, 'R-21-09-0003', 'random-avatar4.jpg', 'random-avatar4.jpg', 'random-avatar4.jpg', '', '0', '2021-09-09 12:18:12'),
(7, 4, 'R-21-09-0004', 'R-21-09-0004_form.xlsx', NULL, NULL, '1', '0', '2021-09-09 12:19:22'),
(8, 4, 'R-21-09-0004', 'random-avatar4.jpg', 'random-avatar4.jpg', 'random-avatar4.jpg', '', '0', '2021-09-09 12:19:22'),
(9, 4, 'R-21-09-0004', 'abstract.jpeg', 'abstract.jpeg', 'abstract.jpeg', '', '0', '2021-09-09 12:19:22'),
(10, 4, 'R-21-09-0004', 'profile_photo.jpg', 'profile photo.jpg', 'profilephoto.jpg', '', '0', '2021-09-09 12:19:22'),
(11, 4, 'R-21-09-0004', 'random-avatar1.jpg', 'random-avatar1.jpg', 'random-avatar1.jpg', '', '0', '2021-09-09 12:19:22'),
(12, 5, 'R-21-09-0005', 'R-21-09-0005_form.xlsx', NULL, NULL, '1', '0', '2021-09-09 12:19:22'),
(13, 5, 'R-21-09-0005', 'random-avatar4.jpg', 'random-avatar4.jpg', 'random-avatar4.jpg', '', '0', '2021-09-09 12:19:23'),
(14, 5, 'R-21-09-0005', 'abstract.jpeg', 'abstract.jpeg', 'abstract.jpeg', '', '0', '2021-09-09 12:19:23'),
(15, 5, 'R-21-09-0005', 'SamplePSDFile_1.9mbmb.psd', 'SamplePSDFile_1.9mbmb.psd', 'SamplePSDFile1.9mbmb.psd', '', '0', '2021-09-09 12:19:23'),
(16, 6, 'R-21-09-0006', 'R-21-09-0006_form.xlsx', NULL, NULL, '1', '0', '2021-09-09 12:19:23'),
(17, 6, 'R-21-09-0006', 'random-avatar4.jpg', 'random-avatar4.jpg', 'random-avatar4.jpg', '', '0', '2021-09-09 12:19:23'),
(18, 7, 'R-21-09-0007', 'R-21-09-0007_form.xlsx', NULL, NULL, '1', '0', '2021-09-09 12:19:23'),
(19, 7, 'R-21-09-0007', 'random-avatar4.jpg', 'random-avatar4.jpg', 'random-avatar4.jpg', '', '0', '2021-09-09 12:19:23'),
(21, 8, 'R-21-09-0008', '11.jpeg', '11.jpeg', '11.jpeg', '', '0', '2021-09-09 12:19:24'),
(22, 8, 'R-21-09-0008', '10.jpeg', '10.jpeg', '10.jpeg', '', '0', '2021-09-09 12:19:24'),
(23, 8, 'R-21-09-0008', '1.jpg', '1.jpg', '1.jpg', '', '0', '2021-09-09 12:19:24'),
(24, 8, 'R-21-09-0008', '2.jpg', '2.jpg', '2.jpg', '', '0', '2021-09-09 12:19:24'),
(25, 8, 'R-21-09-0008', 'file_example_XLS_10.xls', 'file_example_XLS_10.xls', 'file_example_XLS_10.xls', '1', '0', '2021-09-09 12:19:24'),
(26, 9, 'R-21-09-0009', 'R-21-09-0009_form.xlsx', 'R-21-09-0009_form.xlsx', NULL, '1', '0', '2021-09-10 13:00:39'),
(27, 9, 'R-21-09-0009', 'back_cover.jpg', 'back_cover.jpg', 'backcover.jpg', '', '0', '2021-09-10 13:00:41'),
(28, 10, 'R-21-09-0010', 'R-21-09-0010_form.xlsx', 'R-21-09-0010_form.xlsx', NULL, '1', '0', '2021-09-10 13:02:59'),
(29, 10, 'R-21-09-0010', 'back_cover.jpg', 'back_cover.jpg', 'backcover.jpg', '', '0', '2021-09-10 13:05:35'),
(30, 11, 'R-21-09-0011', 'R-21-09-0011_form.xlsx', 'R-21-09-0011_form.xlsx', NULL, '1', '0', '2021-09-10 14:12:46'),
(31, 11, 'R-21-09-0011', 'back_cover_(1).jpg', 'back_cover (1).jpg', 'backcover1.jpg', '', '0', '2021-09-10 14:23:12'),
(32, 12, 'R-21-09-0012', 'R-21-09-0012_form.xlsx', 'R-21-09-0012_form.xlsx', NULL, '1', '0', '2021-09-15 03:26:47'),
(33, 12, 'R-21-09-0012', '02.jpg', '02.jpg', '02.jpg', '', '0', '2021-09-15 03:26:47'),
(34, 13, 'R-21-09-0013', 'R-21-09-0013_form.xlsx', 'R-21-09-0013_form.xlsx', NULL, '1', '0', '2021-09-15 03:33:54'),
(35, 13, 'R-21-09-0013', '02.jpg', '02.jpg', '02.jpg', '', '0', '2021-09-15 03:33:55'),
(36, 14, 'R-21-09-0014', 'R-21-09-0014_form.xlsx', 'R-21-09-0014_form.xlsx', NULL, '1', '0', '2021-09-15 03:37:57'),
(37, 14, 'R-21-09-0014', '03.jpg', '03.jpg', '03.jpg', '', '0', '2021-09-15 03:37:57'),
(38, 15, 'R-21-09-0015', 'R-21-09-0015_form.xlsx', 'R-21-09-0015_form.xlsx', NULL, '1', '0', '2021-09-28 02:32:05'),
(39, 15, 'R-21-09-0015', '(10).jpg', '(10).jpg', '10.jpg', '', '0', '2021-09-28 02:32:11'),
(41, 16, 'U-21-09-0001', 'U-21-09-0001_form.xlsx', 'U-21-09-0001_form.xlsx', NULL, '1', '0', '2021-09-28 03:12:01'),
(42, 16, 'U-21-09-0001', '(13).jpg', '(13).jpg', '13.jpg', '', '0', '2021-09-28 03:12:04'),
(43, 17, 'U-21-09-0002', 'U-21-09-0002_form.xlsx', 'U-21-09-0002_form.xlsx', NULL, '1', '0', '2021-09-28 03:13:11'),
(44, 17, 'U-21-09-0002', '(13).jpg', '(13).jpg', '13.jpg', '', '0', '2021-09-28 03:13:19'),
(45, 17, 'U-21-09-0002', '(12).jpg', '(12).jpg', '12.jpg', '', '0', '2021-09-28 03:13:19'),
(46, 18, 'U-21-09-0003', 'U-21-09-0003_form.xlsx', 'U-21-09-0003_form.xlsx', NULL, '1', '0', '2021-09-28 03:14:03'),
(47, 18, 'U-21-09-0003', '(13).jpg', '(13).jpg', '13.jpg', '', '0', '2021-09-28 03:14:06'),
(48, 19, 'U-21-09-0004', 'U-21-09-0004_form.xlsx', 'U-21-09-0004_form.xlsx', NULL, '1', '0', '2021-09-28 03:14:23'),
(49, 19, 'U-21-09-0004', '(12).jpg', '(12).jpg', '12.jpg', '', '0', '2021-09-28 03:14:25'),
(50, 20, 'U-21-09-0005', 'U-21-09-0005_form.xlsx', 'U-21-09-0005_form.xlsx', NULL, '1', '0', '2021-09-28 03:26:05'),
(51, 21, 'U-21-09-0006', 'U-21-09-0006_form.xlsx', 'U-21-09-0006_form.xlsx', NULL, '1', '0', '2021-09-28 03:27:46'),
(58, 15, 'R-21-09-0015', '(12)_1.jpg', '(12).jpg', '121.jpg', '', '1', '2021-09-30 04:04:48'),
(59, 15, 'R-21-09-0015', '(11)_1.jpg', '(11).jpg', '111.jpg', '', '1', '2021-09-30 04:05:06'),
(60, 15, 'R-21-09-0015', 'large.png', 'large.png', 'large.png', '', '1', '2021-10-01 16:20:42'),
(61, 22, 'R-21-09-0015R', 'bgd1.jpg', 'bgd1.jpg', 'bgd1.jpg', '', '1', '2021-10-02 03:19:52'),
(62, 23, 'R-21-10-0001', 'R-21-10-0001_form.xlsx', 'R-21-10-0001_form.xlsx', NULL, '1', '0', '2021-10-02 03:30:01'),
(63, 23, 'R-21-10-0001', 'bgd1.jpg', 'bgd1.jpg', 'bgd1.jpg', '', '0', '2021-10-02 03:30:01'),
(64, 25, 'R-21-10-0001R', 'bgd2.jpg', 'bgd2.jpg', 'bgd2.jpg', '', '1', '2021-10-02 03:32:54'),
(65, 26, 'R-21-10-0000001S', 'R-21-10-0000001S_form.xlsx', 'R-21-10-0000001S_form.xlsx', NULL, '1', '0', '2021-10-02 03:37:31'),
(66, 26, 'R-21-10-0000001S', 'bgd.png', 'bgd.png', 'bgd.png', '', '0', '2021-10-02 03:37:31'),
(67, 27, 'R-21-10-0000000001T', 'R-21-10-0000000001T_form.xlsx', 'R-21-10-0000000001T_form.xlsx', NULL, '1', '0', '2021-10-02 03:38:20'),
(68, 27, 'R-21-10-0000000001T', 'bgd2.jpg', 'bgd2.jpg', 'bgd2.jpg', '', '0', '2021-10-02 03:38:20'),
(69, 28, 'R-21-10-0000000000001U', 'R-21-10-0000000000001U_form.xlsx', 'R-21-10-0000000000001U_form.xlsx', NULL, '1', '0', '2021-10-02 03:42:54'),
(70, 28, 'R-21-10-0000000000001U', 'bgd2.jpg', 'bgd2.jpg', 'bgd2.jpg', '', '0', '2021-10-02 03:42:54'),
(71, 29, 'R-21-10-0000000000000001V', 'R-21-10-0000000000000001V_form.xlsx', 'R-21-10-0000000000000001V_form.xlsx', NULL, '1', '0', '2021-10-02 03:43:13'),
(72, 29, 'R-21-10-0000000000000001V', 'bgd2.jpg', 'bgd2.jpg', 'bgd2.jpg', '', '0', '2021-10-02 03:43:13'),
(73, 30, 'R-21-10-0007', 'R-21-10-0007_form.xlsx', 'R-21-10-0007_form.xlsx', NULL, '1', '0', '2021-10-02 03:52:32'),
(74, 30, 'R-21-10-0007', 'fujilogo.png', 'fujilogo.png', 'fujilogo.png', '', '0', '2021-10-02 03:52:32'),
(75, 32, 'R-21-10-0009', 'R-21-10-0009_form.xlsx', 'R-21-10-0009_form.xlsx', NULL, '1', '0', '2021-10-02 03:53:14'),
(76, 32, 'R-21-10-0009', 'bgd1.jpg', 'bgd1.jpg', 'bgd1.jpg', '', '0', '2021-10-02 03:53:14'),
(77, 31, 'R-21-10-0007R', 'bgd2.jpg', 'bgd2.jpg', 'bgd2.jpg', '', '1', '2021-10-02 03:53:31'),
(78, 15, 'R-21-09-0015', 'bgd.png', 'bgd.png', 'bgd.png', '', '1', '2021-10-02 03:54:51'),
(79, 33, 'R-21-10-0009R', 'bgd.png', 'bgd.png', 'bgd.png', '', '1', '2021-10-02 03:58:03'),
(80, 33, 'R-21-10-0009R', 'bgd2.jpg', 'bgd2.jpg', 'bgd2.jpg', '', '1', '2021-10-02 03:59:20'),
(81, 34, 'R-21-10-0009RR', 'bgd2.jpg', 'bgd2.jpg', 'bgd2.jpg', '', '1', '2021-10-02 04:14:59'),
(82, 34, 'R-21-10-0009RR', 'large.png', 'large.png', 'large.png', '', '1', '2021-10-02 04:15:06'),
(83, 35, 'R-21-10-0009RRR', 'bgd1.jpg', 'bgd1.jpg', 'bgd1.jpg', '', '1', '2021-10-02 04:18:12'),
(84, 22, 'R-21-09-0015R', 'bgd.png', 'bgd.png', 'bgd.png', '', '1', '2021-10-02 05:42:15'),
(85, 22, 'R-21-09-0015R', 'bgd234.jpg', 'bgd234.jpg', 'bgd234.jpg', '', '1', '2021-10-02 05:42:40'),
(86, 37, 'R-21-10-0013', 'R-21-10-0013_form.xlsx', 'R-21-10-0013_form.xlsx', NULL, '1', '0', '2021-10-10 09:00:25'),
(87, 37, 'R-21-10-0013', 'bgd1.jpg', 'bgd1.jpg', 'bgd1.jpg', '', '0', '2021-10-10 09:00:26'),
(88, 37, 'R-21-10-0013C', 'bgd.png', 'bgd.png', 'bgd.png', '', '1', '2021-10-10 09:24:02'),
(89, 38, 'R-21-10-0013CR', 'bgd.jpg', 'bgd.jpg', 'bgd.jpg', '', '1', '2021-10-10 10:53:33'),
(90, 42, 'R-21-10-0018', 'R-21-10-0018_form.xlsx', 'R-21-10-0018_form.xlsx', NULL, '1', '0', '2021-10-10 11:55:25'),
(91, 42, 'R-21-10-0018', 'bgd2.jpg', 'bgd2.jpg', 'bgd2.jpg', '', '0', '2021-10-10 11:55:25'),
(92, 43, 'R-21-10-0018R', 'bgd.png', 'bgd.png', 'bgd.png', '', '1', '2021-10-10 12:01:48'),
(93, 44, 'R-21-10-0020', 'R-21-10-0020_form.xlsx', 'R-21-10-0020_form.xlsx', NULL, '1', '0', '2021-10-23 12:20:26'),
(94, 44, 'R-21-10-0020', 'logo512.png', 'logo512.png', 'logo512.png', '', '0', '2021-10-23 12:20:26'),
(95, 45, 'R-21-10-0021', 'R-21-10-0021_form.xlsx', 'R-21-10-0021_form.xlsx', NULL, '1', '0', '2021-10-23 12:38:47'),
(96, 45, 'R-21-10-0021', 'logo512.png', 'logo512.png', 'logo512.png', '', '0', '2021-10-23 12:38:47'),
(97, 46, 'R-21-10-0022', 'R-21-10-0022_form.xlsx', 'R-21-10-0022_form.xlsx', NULL, '1', '0', '2021-10-23 12:45:06'),
(98, 46, 'R-21-10-0022', 'logo512.png', 'logo512.png', 'logo512.png', '', '0', '2021-10-23 12:45:06'),
(99, 47, 'R-21-11-0001', 'R-21-11-0001_form.xlsx', 'R-21-11-0001_form.xlsx', NULL, '1', '0', '2021-11-05 10:40:22'),
(100, 47, 'R-21-11-0001', 'body-bg.jpg', 'body-bg.jpg', 'body-bg.jpg', '', '0', '2021-11-05 10:40:22'),
(101, 48, 'R-21-11-0002', 'R-21-11-0002_form.xlsx', 'R-21-11-0002_form.xlsx', NULL, '1', '0', '2021-11-05 10:40:41'),
(102, 48, 'R-21-11-0002', 'backup.png', 'backup.png', 'backup.png', '', '0', '2021-11-05 10:40:41'),
(103, 49, 'C-21-11-0001', 'C-21-11-0001_form.xlsx', 'C-21-11-0001_form.xlsx', NULL, '1', '0', '2021-11-05 10:51:10'),
(104, 49, 'C-21-11-0001', 'favicon.png', 'favicon.png', 'favicon.png', '', '0', '2021-11-05 10:51:10');

-- --------------------------------------------------------

--
-- Table structure for table `order_status_log`
--

CREATE TABLE `order_status_log` (
  `osl_id` int(11) NOT NULL,
  `osl_statusname` varchar(200) DEFAULT NULL,
  `osl_orderid` int(11) DEFAULT 0,
  `osl_changedby` int(11) DEFAULT 0,
  `osl_type` enum('order','payment') DEFAULT 'order',
  `osl_note` text DEFAULT NULL,
  `osl_date` timestamp NULL DEFAULT current_timestamp()
) ENGINE=InnoDB DEFAULT CHARSET=utf8mb4;

--
-- Dumping data for table `order_status_log`
--

INSERT INTO `order_status_log` (`osl_id`, `osl_statusname`, `osl_orderid`, `osl_changedby`, `osl_type`, `osl_note`, `osl_date`) VALUES
(1, 'pending', 1, 0, 'order', NULL, '2021-09-09 05:39:42'),
(2, 'pending', 2, 0, 'order', NULL, '2021-09-09 05:32:43'),
(3, 'pending', 3, 0, 'order', NULL, '2021-09-09 05:12:48'),
(4, 'pending', 4, 0, 'order', NULL, '2021-09-09 05:22:49'),
(5, 'pending', 5, 0, 'order', NULL, '2021-09-09 05:22:49'),
(6, 'pending', 6, 0, 'order', NULL, '2021-09-09 05:23:49'),
(7, 'pending', 7, 0, 'order', NULL, '2021-09-09 05:23:49'),
(8, 'pending', 8, 0, 'order', NULL, '2021-09-09 05:23:49'),
(9, 'pending', 9, 0, 'order', NULL, '2021-09-10 06:39:30'),
(10, 'pending', 10, 0, 'order', NULL, '2021-09-10 06:58:32'),
(11, 'pending', 11, 0, 'order', NULL, '2021-09-10 07:46:42'),
(12, 'pending', 12, 0, 'order', NULL, '2021-09-15 08:46:56'),
(13, 'pending', 13, 0, 'order', NULL, '2021-09-15 09:54:03'),
(14, 'pending', 14, 0, 'order', NULL, '2021-09-15 09:57:07'),
(15, 'pending', 15, 0, 'order', NULL, '2021-09-28 08:02:05'),
(16, 'correction', 15, 16, 'order', 'Need some file for correction. Please upload it again', '2021-09-28 08:09:31'),
(17, 'pending', 16, 0, 'order', NULL, '2021-09-28 08:42:00'),
(18, 'pending', 17, 0, 'order', NULL, '2021-09-28 08:43:11'),
(19, 'pending', 18, 0, 'order', NULL, '2021-09-28 08:44:03'),
(20, 'pending', 19, 0, 'order', NULL, '2021-09-28 08:44:23'),
(21, 'pending', 20, 0, 'order', NULL, '2021-09-28 08:56:04'),
(22, 'pending', 21, 0, 'order', NULL, '2021-09-28 08:57:46'),
(23, 'correction', 15, 16, 'order', 'please send more files', '2021-09-30 07:09:32'),
(24, 'correction', 15, 16, 'order', '', '2021-09-30 07:09:52'),
(25, 'rework', 1, 10, 'order', NULL, '2021-10-01 09:10:44'),
(26, 'pending', 23, 0, 'order', NULL, '2021-10-02 09:00:01'),
(27, 'approve', 23, 10, 'order', NULL, '2021-10-02 09:10:37'),
(28, 'reworkinitiated', 1, 10, 'order', NULL, '2021-10-02 09:10:02'),
(29, 'rework', 1, 10, 'order', NULL, '2021-10-02 09:10:34'),
(30, 'approve', 25, 10, 'order', NULL, '2021-10-02 09:10:57'),
(31, 'pending', 26, 0, 'order', NULL, '2021-10-02 09:07:31'),
(32, 'pending', 27, 0, 'order', NULL, '2021-10-02 09:08:20'),
(33, 'pending', 28, 0, 'order', NULL, '2021-10-02 09:12:54'),
(34, 'pending', 29, 0, 'order', NULL, '2021-10-02 09:13:13'),
(35, 'pending', 30, 0, 'order', NULL, '2021-10-02 09:22:32'),
(36, 'rework', 1, 10, 'order', NULL, '2021-10-02 09:10:59'),
(37, 'pending', 32, 0, 'order', NULL, '2021-10-02 09:23:14'),
(38, 'rework', 1, 10, 'order', NULL, '2021-10-02 09:10:28'),
(39, 'rework', 1, 10, 'order', NULL, '2021-10-02 09:10:32'),
(40, 'rework', 35, 10, 'order', NULL, '2021-10-02 09:10:47'),
(41, 'rework', 36, 16, 'order', NULL, '2021-10-02 11:10:28'),
(42, 'correctioninitiated', 15, 16, 'order', '', '2021-10-02 11:10:14'),
(43, 'downloaded', 15, 15, 'order', NULL, '2021-10-04 08:10:06'),
(44, 'downloaded', 15, 15, 'order', NULL, '2021-10-04 08:10:48'),
(45, 'downloaded', 33, 15, 'order', NULL, '2021-10-04 08:10:01'),
(46, 'pending', 37, 0, 'order', NULL, '2021-10-10 02:30:25'),
(47, 'correctioninitiated', 37, 16, 'order', '', '2021-10-10 14:10:01'),
(48, 'correctioninitiated', 37, 16, 'order', '', '2021-10-10 14:10:37'),
(49, 'rework', 38, 10, 'order', NULL, '2021-10-10 16:10:49'),
(50, 'rework', 32, 10, 'order', NULL, '2021-10-10 17:10:35'),
(51, 'rework', 38, 10, 'order', NULL, '2021-10-10 17:10:08'),
(52, 'rework', 38, 10, 'order', NULL, '2021-10-10 17:10:54'),
(53, 'rework', 39, 10, 'order', NULL, '2021-10-10 17:10:44'),
(54, 'rework', 40, 10, 'order', NULL, '2021-10-10 17:10:20'),
(55, 'rework', 41, 10, 'order', NULL, '2021-10-10 17:10:58'),
(56, 'pending', 42, 0, 'order', NULL, '2021-10-10 05:25:24'),
(57, 'reworkbyclient', 42, 10, 'order', NULL, '2021-10-10 17:10:36'),
(58, 'reworkbyclient', 42, 10, 'order', NULL, '2021-10-10 17:10:05'),
(59, 'reworkbyclient', 42, 10, 'order', NULL, '2021-10-10 17:10:28'),
(60, 'reworkbyclient', 42, 10, 'order', NULL, '2021-10-10 17:10:57'),
(61, 'reworkbyclient', 43, 10, 'order', NULL, '2021-10-10 17:10:04'),
(62, 'pending', 44, 0, 'order', NULL, '2021-10-23 05:50:26'),
(63, 'pending', 45, 0, 'order', NULL, '2021-10-23 06:08:46'),
(64, 'pending', 46, 0, 'order', NULL, '2021-10-23 06:15:06'),
(65, 'pending', 47, 0, 'order', NULL, '2021-11-05 04:10:22'),
(66, 'pending', 48, 0, 'order', NULL, '2021-11-05 04:10:41'),
(67, 'pending', 49, 0, 'order', NULL, '2021-11-05 04:21:10');

-- --------------------------------------------------------

--
-- Table structure for table `settings`
--

CREATE TABLE `settings` (
  `id` int(11) NOT NULL,
  `name` varchar(255) NOT NULL,
  `varvalue` varchar(255) NOT NULL
) ENGINE=InnoDB DEFAULT CHARSET=utf8mb4;

--
-- Dumping data for table `settings`
--

INSERT INTO `settings` (`id`, `name`, `varvalue`) VALUES
(1, 'RGB_CATALOG', 'random-avatar8.jpg'),
(2, 'CMYK_CATALOG', 'random-avatar6.jpg'),
(3, 'RGB_PRICELIST', ''),
(4, 'CMYK_PRICELIST', ''),
(5, 'BANK_DETAIL', 'icici bank 777777778888\r\nifcs: 6cc77\r\nmira road'),
(6, 'PAYMENT_URL', 'http://googlepay.comssddd'),
(7, 'FRONT_LOGO', 'logo.png'),
(8, 'FUJI_LOGO', 'fujilogo.png'),
(9, 'FRONT_BACKGROUND_IMAGE', 'bgd.jpeg'),
(10, 'FACEBOOK_URL', 'http://facebook.com'),
(11, 'TWITTER_URL', 'http://twitter.com'),
(12, 'INSTAGRAME_URL', 'http://instagram.com'),
(13, 'YOUTUBE_URL', 'http://youtube.com'),
(14, 'SUPPORT_NUMBER', '66666666666'),
(15, 'SUPPORT_EMAIL', 'test@gmail.com'),
(16, 'SAMPLE_EXCEL', 'sampleorderform_1.xlsx');

-- --------------------------------------------------------

--
-- Table structure for table `state`
--

CREATE TABLE `state` (
  `st_id` int(11) NOT NULL,
  `st_name` varchar(255) NOT NULL,
  `st_status` tinyint(2) DEFAULT 1
) ENGINE=InnoDB DEFAULT CHARSET=utf8mb4;

--
-- Dumping data for table `state`
--

INSERT INTO `state` (`st_id`, `st_name`, `st_status`) VALUES
(1, 'Andhra Pradesh', 1),
(2, 'Assam', 1),
(3, 'Arunachal Pradesh', 1),
(4, 'Bihar', 1),
(5, 'Chhattisgarh', 1),
(6, 'Delhi', 1),
(7, 'Goa', 1),
(8, 'Gujarat', 1),
(9, 'Haryana', 1),
(10, 'Himachal Pradesh', 1),
(11, 'Jammu and Kashmir', 1),
(12, 'Jharkhand', 1),
(13, 'Karnataka', 1),
(14, 'Kerala', 1),
(15, 'Madhya Pradesh', 1),
(16, 'Maharashtra', 1),
(17, 'Manipur', 1),
(18, 'Meghalaya', 1),
(19, 'Mizoram', 1),
(20, 'Nagaland', 1),
(21, 'Orissa', 1),
(22, 'Punjab', 1),
(23, 'Rajasthan', 1),
(24, 'Sikkim', 1),
(25, 'Tamil Nadu', 1),
(26, 'Tripura', 1),
(27, 'Uttarakhand', 1),
(28, 'Uttar Pradesh', 1),
(29, 'West Bengal', 1),
(30, 'Ladakh', 1),
(31, 'Puducherry', 1),
(32, 'Telangana', 1);

-- --------------------------------------------------------

--
-- Table structure for table `users`
--

CREATE TABLE `users` (
  `id` int(11) NOT NULL,
  `adminid` int(11) DEFAULT NULL,
  `channelpartnerid` int(11) DEFAULT 0,
  `fname` varchar(200) NOT NULL,
  `lname` varchar(200) DEFAULT NULL,
  `companyname` varchar(255) NOT NULL,
  `email` varchar(255) DEFAULT NULL,
  `phone` varchar(50) NOT NULL,
  `password` varchar(255) DEFAULT NULL,
  `user_type` enum('channelpartner','studio','channelpartnerstudio') DEFAULT 'studio',
  `partner_type` varchar(50) DEFAULT NULL,
  `user_status` enum('0','1') CHARACTER SET latin1 NOT NULL DEFAULT '0',
  `paynow_status` enum('0','1') DEFAULT '0',
  `gender` enum('male','female') DEFAULT NULL,
  `pincode` varchar(20) DEFAULT NULL,
  `address` text DEFAULT NULL,
  `stateid` int(11) DEFAULT NULL,
  `districid` int(11) DEFAULT NULL,
  `cityid` int(11) DEFAULT NULL,
  `idproof` varchar(255) DEFAULT NULL,
  `idproof_doc` varchar(255) DEFAULT NULL,
  `gst_number` varchar(50) DEFAULT NULL,
  `gst_doc` varchar(255) DEFAULT NULL,
  `order_form` text NOT NULL,
  `order_count` int(11) DEFAULT 0,
  `it_status` enum('pending','accepted','rejected') DEFAULT 'pending',
  `it_comment` text DEFAULT NULL,
  `it_approvedate` timestamp NULL DEFAULT NULL,
  `user_created` timestamp NULL DEFAULT current_timestamp(),
  `temp_password` varchar(200) DEFAULT NULL
) ENGINE=InnoDB DEFAULT CHARSET=utf8mb4;

--
-- Dumping data for table `users`
--

INSERT INTO `users` (`id`, `adminid`, `channelpartnerid`, `fname`, `lname`, `companyname`, `email`, `phone`, `password`, `user_type`, `partner_type`, `user_status`, `paynow_status`, `gender`, `pincode`, `address`, `stateid`, `districid`, `cityid`, `idproof`, `idproof_doc`, `gst_number`, `gst_doc`, `order_form`, `order_count`, `it_status`, `it_comment`, `it_approvedate`, `user_created`, `temp_password`) VALUES
(1, 10, 0, 'Subedar', NULL, 'Genie', 'subedar@gmail.com', '9819941589', '$2y$10$EDrnZTAcpi5TsQnwPCqO2eqTD3JCaYXhe5h3u4cInvk3J1MM01saW', 'channelpartner', 'fujifilm', '1', NULL, 'male', '401209', 'sads', 0, 0, 0, '', NULL, '0', NULL, '{\"order_size\":\"34\",\"no_sheet\":\"3\",\"paper_type\":\"Luster\",\"paper_note\":\"\",\"album_type\":\"cake\",\"interleaf\":\"no\",\"wrapper_type\":\"\",\"wrapper_designcode\":\"\",\"wrapper_colorcode\":\"\",\"name_detail\":\"\",\"ealbum\":\"no\",\"ealbum_studioname\":\"Genie\",\"email\":\"\",\"event_name\":\"\",\"shipping_address\":\"sads\",\"shipping_pincode\":\"401209\",\"shipping_phone\":\"9819941589\",\"notes\":\"test\"}', 0, NULL, NULL, NULL, '2021-05-25 16:20:46', '671308'),
(2, 10, 1, 'Ashish', 'Shah', 'Cameron', 'ashish@gmail.com', '9833963738', '$2y$10$RG1jwh0zpVHk/w6vp.1F5u9bc/rfNDiuwgt/xlIDkEzj5MB31.3AO', 'studio', NULL, '1', '0', NULL, NULL, NULL, 15, NULL, NULL, NULL, NULL, '0', NULL, '', 0, NULL, NULL, NULL, '2021-05-25 16:20:07', NULL),
(4, 11, 0, 'mayank', 'parikh', 'Vision studio 1', 'mayank@gmail.com', '8889998878', '$2y$10$l2C5v5zHX7WVx/.Ll3XuQOnoiDyMTwIM0sck9XsZQQGNC9nqE/VOC', 'channelpartner', 'fujifilm', '1', '0', NULL, '', '', 14, 0, 0, NULL, '', '0', '', '', 0, NULL, NULL, NULL, '2021-05-28 12:30:44', NULL),
(5, 3, 4, 'Pawan Singh', 'ss', 'Pavan Studio', 'pavan@gmail.com', '234567898', 'sd', 'channelpartnerstudio', 'fujifilm', '1', '0', 'male', '401209', '', 2, 1, 1, NULL, '1623345569_a9e8b5a888ead7770a44.jpeg', '2345', '1623345569_a2f75f81699e5ae5abe6.pdf', '', 0, 'accepted', 'testing', '2021-07-25 20:38:41', '2021-06-08 11:59:28', NULL),
(6, 1, 0, 'sss', 'sss', 'divya', 'sdddad@gmail.com', '3333333333', '$2y$10$fGfOFx15hsh2ZXKXPQBorehH9P2fUg4SJmlBMGJoqB047LQGjnSue', 'studio', NULL, '1', '0', NULL, '3456', 'sd', 15, 1, 1, NULL, '1623348219_30122d468729b2a7fab4.jpeg', NULL, '1623348219_9467c96628bca15ee476.pdf', '', 0, NULL, NULL, NULL, '2021-06-10 18:03:39', NULL),
(7, 10, 1, 'Apha', NULL, 'Alpha studio', 'alpha@gmail.com', '9898989898', '$2y$10$OKN9qQiWj265HmBp46X8AO0zyL8KzFYALLj4rCE8O3v4YqEzcL0rm', 'channelpartnerstudio', 'fujifilm', '1', NULL, NULL, '400056', 'Kandivali', 15, 0, 0, 'abzpy4445', '', '23456789', '', '', 0, 'rejected', 'testing of reject', NULL, '2021-06-21 10:57:21', NULL),
(8, 2, 0, 'manoj', NULL, 'Rocky', 'subedar.genie@gmail.com', '9819941586', '$2y$10$YYtRqaoVzKliFKFhBsJMTuptekGL2GvG837ZPAtnEQbvxikjgEA5y', 'channelpartner', 'silver', '0', '0', NULL, '401107', 'Mira road east', 16, 377, 1, '', NULL, '', NULL, '', 0, 'pending', NULL, NULL, '2021-08-06 17:21:50', NULL),
(9, 10, 1, 'testing', NULL, 'tesss ', 'admin@gmail.com', '9988888876', '$2y$10$Iv3yAgfdslFJHNGP3s8r/uCXQvfcgM6XIh9I/625SNYI2pWczHphq', 'studio', '', '1', '0', NULL, '400056', 'ssadsa asds as. asd', 16, 377, 2, '', NULL, '', NULL, '', 0, 'pending', NULL, NULL, '2021-08-26 09:20:11', NULL),
(10, 1, 0, 'zxcxzc', NULL, 'zxzxczxc', 'admin@gmail.com', '2233223322', '$2y$10$yzk/qjmPX3LgNGIvyUS9.eM9C5rx44e91mru0ddG58.jIeSI1XDrS', 'studio', '', '1', '1', NULL, '2222', 'sadsad', 1, 2, 121, '', NULL, '', NULL, '{\"txtsize\":\"123\",\"txtnoofsheet\":\"21\",\"txtpaper\":\"cmyk\",\"txtordertype\":\"print\",\"txtinterleaf\":\"yes\",\"txtwrapper\":\"sd\",\"txtwrapperdesigncode\":\"SADASD\",\"txtwrappercolorcode\":\"AA\",\"txtnamedetail\":\"Test User\",\"txtealbum\":\"yes\",\"txtestudioname\":\"Alpha Studio\",\"txtemailid\":\"test@gmail.com\",\"txteventname\":\"BIRTHDAY\",\"txtshippingaddress\":\"Mira road\",\"txtphone\":\"09819941589\",\"txtnote\":\"No notes\"}', 0, 'pending', NULL, NULL, '2021-08-29 15:35:15', NULL),
(11, 3, 0, 'sad', NULL, 'sasd', 'asas@gmail.com', '2342342342', '$2y$10$Wd96AE.lIcyXNa/V.mN40u9DCW3kNTuXJj.QoPvkOWDzLl3DPPzIC', 'studio', '', '0', NULL, NULL, '12312', 'sadsadsa', 1, 1, 122, '', NULL, '', NULL, '', 0, 'pending', NULL, NULL, '2021-08-30 10:28:23', NULL);

--
-- Indexes for dumped tables
--

--
-- Indexes for table `admin`
--
ALTER TABLE `admin`
  ADD PRIMARY KEY (`id`);

--
-- Indexes for table `cities`
--
ALTER TABLE `cities`
  ADD PRIMARY KEY (`ct_id`);

--
-- Indexes for table `districs`
--
ALTER TABLE `districs`
  ADD PRIMARY KEY (`ds_id`);

--
-- Indexes for table `enquiry`
--
ALTER TABLE `enquiry`
  ADD PRIMARY KEY (`en_id`);

--
-- Indexes for table `orders`
--
ALTER TABLE `orders`
  ADD PRIMARY KEY (`od_id`);

--
-- Indexes for table `orders_products`
--
ALTER TABLE `orders_products`
  ADD PRIMARY KEY (`op_id`);

--
-- Indexes for table `order_status_log`
--
ALTER TABLE `order_status_log`
  ADD PRIMARY KEY (`osl_id`);

--
-- Indexes for table `settings`
--
ALTER TABLE `settings`
  ADD PRIMARY KEY (`id`);

--
-- Indexes for table `state`
--
ALTER TABLE `state`
  ADD PRIMARY KEY (`st_id`);

--
-- Indexes for table `users`
--
ALTER TABLE `users`
  ADD PRIMARY KEY (`id`);

--
-- AUTO_INCREMENT for dumped tables
--

--
-- AUTO_INCREMENT for table `admin`
--
ALTER TABLE `admin`
  MODIFY `id` int(11) NOT NULL AUTO_INCREMENT, AUTO_INCREMENT=34;

--
-- AUTO_INCREMENT for table `cities`
--
ALTER TABLE `cities`
  MODIFY `ct_id` int(11) NOT NULL AUTO_INCREMENT, AUTO_INCREMENT=1009;

--
-- AUTO_INCREMENT for table `districs`
--
ALTER TABLE `districs`
  MODIFY `ds_id` int(11) NOT NULL AUTO_INCREMENT, AUTO_INCREMENT=726;

--
-- AUTO_INCREMENT for table `enquiry`
--
ALTER TABLE `enquiry`
  MODIFY `en_id` int(11) NOT NULL AUTO_INCREMENT, AUTO_INCREMENT=7;

--
-- AUTO_INCREMENT for table `orders`
--
ALTER TABLE `orders`
  MODIFY `od_id` int(11) NOT NULL AUTO_INCREMENT, AUTO_INCREMENT=50;

--
-- AUTO_INCREMENT for table `orders_products`
--
ALTER TABLE `orders_products`
  MODIFY `op_id` int(11) NOT NULL AUTO_INCREMENT, AUTO_INCREMENT=105;

--
-- AUTO_INCREMENT for table `order_status_log`
--
ALTER TABLE `order_status_log`
  MODIFY `osl_id` int(11) NOT NULL AUTO_INCREMENT, AUTO_INCREMENT=68;

--
-- AUTO_INCREMENT for table `settings`
--
ALTER TABLE `settings`
  MODIFY `id` int(11) NOT NULL AUTO_INCREMENT, AUTO_INCREMENT=17;

--
-- AUTO_INCREMENT for table `state`
--
ALTER TABLE `state`
  MODIFY `st_id` int(11) NOT NULL AUTO_INCREMENT, AUTO_INCREMENT=33;

--
-- AUTO_INCREMENT for table `users`
--
ALTER TABLE `users`
  MODIFY `id` int(11) NOT NULL AUTO_INCREMENT, AUTO_INCREMENT=12;
COMMIT;

/*!40101 SET CHARACTER_SET_CLIENT=@OLD_CHARACTER_SET_CLIENT */;
/*!40101 SET CHARACTER_SET_RESULTS=@OLD_CHARACTER_SET_RESULTS */;
/*!40101 SET COLLATION_CONNECTION=@OLD_COLLATION_CONNECTION */;
